,Sample_ID,fileID,fullsample_ID,sample_id_r,sampCode,armsCode,siteType,site,sitelocality0,sitelocality,temp,salinity,depth,temp_mean,turbidity_m,turbidity_std_indv,turbidity_std_rank,latitude,longitude,locality,fraction,relativeAbundance,numberOTUs,Shannon,Simpson,Pielou,Margalef,Chao1,ACE,fileID_normalized,arms,type,core_value,CHL_OM,CHL_OSD,SPM_OM,SPM_OSD,BBP_OM,BBP_OSD,PP_mean,PP_sd,CDM_OM,CDM_OSD
SH21727,primers.trimmed.1392.028.SH21727.COI.28.SESS_F_filt,primers-trimmed-1392-028-SH21727-COI-28-SESS_F_filt.fastq.gz,SH21727-COI-28-SESS,28b_STE_SESSILE,stetson_arms_28b_sessile,Stetson_28b_sessile,Stetson_coral,Stetson,Stetson_coral,Stetson_shallow,22.95,36.25,54,22.143352,3.1,-0.998676079,11.28571429,28.15685,-94.30297,coral,sessile,59231,605,6.029451352,0.964096841,0.941332755,54.96305297,631.3291139,639.1024105,primers.trimmed.1392.028.SH21727.COI.28.SESS_F_filt.fastq.gz,28b,arms,28_STE,0.147437619,0.046237678,0.349222204,0.048197993,0.001270886,0.000231884,378.0407235,67.76436582,0.010061002,0.004386475
SH21728,primers.trimmed.1392.029.SH21728.COI.29.SESS_F_filt,primers-trimmed-1392-029-SH21728-COI-29-SESS_F_filt.fastq.gz,SH21728-COI-29-SESS,29b_STE_SESSILE,stetson_arms_29b_sessile,Stetson_29b_sessile,Stetson_coral,Stetson,Stetson_coral,Stetson_shallow,22.07,36.26,54,22.143352,3.1,-0.998676079,11.28571429,28.15685,-94.30297,coral,sessile,58002,451,5.592085155,0.94218897,0.915015142,41.02757567,466,471.6063916,primers.trimmed.1392.029.SH21728.COI.29.SESS_F_filt.fastq.gz,29b,arms,19_STE,0.147437619,0.046237678,0.349222204,0.048197993,0.001270886,0.000231884,378.0407235,67.76436582,0.010061002,0.004386475
SH21729,primers.trimmed.1392.030.SH21729.COI.30.SESS_F_filt,primers-trimmed-1392-030-SH21729-COI-30-SESS_F_filt.fastq.gz,SH21729-COI-30-SESS,30_STE_SESSILE,stetson_arms_30_sessile,Stetson_30_sessile,Stetson_coral,Stetson,Stetson_coral,Stetson_shallow,23.13,36.19,54,22.143352,3.1,-0.998676079,11.28571429,28.15685,-94.30297,coral,sessile,56479,523,5.404159528,0.934966053,0.863341992,47.70772529,550.5,550.050588,primers.trimmed.1392.030.SH21729.COI.30.SESS_F_filt.fastq.gz,30,arms,30_STE,0.147437619,0.046237678,0.349222204,0.048197993,0.001270886,0.000231884,378.0407235,67.76436582,0.010061002,0.004386475
SH21793,primers.trimmed.1392.095.SH21793.COI.28.100_F_filt,primers-trimmed-1392-095-SH21793-COI-28-100_F_filt.fastq.gz,SH21793-COI-28-100,28_STE_100,stetson_arms_28_100,Stetson_28_100,Stetson_coral,Stetson,Stetson_coral,Stetson_shallow,22.95,36.25,54,22.143352,3.1,-0.998676079,11.28571429,28.15685,-94.30297,coral,100,43308,774,7.080195312,0.978312909,1.064439421,72.4047669,794.16,804.4929302,primers.trimmed.1392.095.SH21793.COI.28.100_F_filt.fastq.gz,28,arms,28_STE,0.147437619,0.046237678,0.349222204,0.048197993,0.001270886,0.000231884,378.0407235,67.76436582,0.010061002,0.004386475
SH21794,primers.trimmed.1392.097.SH21794.COI.28.500_F_filt,primers-trimmed-1392-097-SH21794-COI-28-500_F_filt.fastq.gz,SH21794-COI-28-500,28_STE_500,stetson_arms_28_500,Stetson_28_500,Stetson_coral,Stetson,Stetson_coral,Stetson_shallow,22.95,36.25,54,22.143352,3.1,-0.998676079,11.28571429,28.15685,-94.30297,coral,500,141102,554,5.971631723,0.967731061,0.945302524,46.63817876,567,573.1649812,primers.trimmed.1392.097.SH21794.COI.28.500_F_filt.fastq.gz,28,arms,28_STE,0.147437619,0.046237678,0.349222204,0.048197993,0.001270886,0.000231884,378.0407235,67.76436582,0.010061002,0.004386475
SH21795,primers.trimmed.1392.098.SH21795.COI.29.100_F_filt,primers-trimmed-1392-098-SH21795-COI-29-100_F_filt.fastq.gz,SH21795-COI-29-100,29_STE_100,stetson_arms_29_100,Stetson_29_100,Stetson_coral,Stetson,Stetson_coral,Stetson_shallow,22.07,36.26,54,22.143352,3.1,-0.998676079,11.28571429,28.15685,-94.30297,coral,100,63832,811,7.099357652,0.982205734,1.059879598,73.21034657,828.5247525,838.1151758,primers.trimmed.1392.098.SH21795.COI.29.100_F_filt.fastq.gz,29,arms,19_STE,0.147437619,0.046237678,0.349222204,0.048197993,0.001270886,0.000231884,378.0407235,67.76436582,0.010061002,0.004386475
SH21796,primers.trimmed.1392.099.SH21796.COI.29.100b_F_filt,primers-trimmed-1392-099-SH21796-COI-29-100b_F_filt.fastq.gz,SH21796-COI-29-100b,29b_STE_100,stetson_arms_29b_100,Stetson_29b_100,Stetson_coral,Stetson,Stetson_coral,Stetson_shallow,22.07,36.26,54,22.143352,3.1,-0.998676079,11.28571429,28.15685,-94.30297,coral,100,72012,921,7.320842501,0.985529635,1.072578619,82.25604697,940.5,953.4642085,primers.trimmed.1392.099.SH21796.COI.29.100b_F_filt.fastq.gz,29b,arms,19_STE,0.147437619,0.046237678,0.349222204,0.048197993,0.001270886,0.000231884,378.0407235,67.76436582,0.010061002,0.004386475
SH21797,primers.trimmed.1392.100.SH21797.COI.29.500_F_filt,primers-trimmed-1392-100-SH21797-COI-29-500_F_filt.fastq.gz,SH21797-COI-29-500,29_STE_500,stetson_arms_29_500,Stetson_29_500,Stetson_coral,Stetson,Stetson_coral,Stetson_shallow,22.07,36.26,54,22.143352,3.1,-0.998676079,11.28571429,28.15685,-94.30297,coral,500,72614,508,6.387358904,0.974769825,1.025179026,45.29651924,528.2040816,532.8090016,primers.trimmed.1392.100.SH21797.COI.29.500_F_filt.fastq.gz,29,arms,19_STE,0.147437619,0.046237678,0.349222204,0.048197993,0.001270886,0.000231884,378.0407235,67.76436582,0.010061002,0.004386475
SH21798,primers.trimmed.1392.101.SH21798.COI.30.100_F_filt,primers-trimmed-1392-101-SH21798-COI-30-100_F_filt.fastq.gz,SH21798-COI-30-100,30_STE_100,stetson_arms_30_100,Stetson_30_100,Stetson_coral,Stetson,Stetson_coral,Stetson_shallow,23.13,36.19,54,22.143352,3.1,-0.998676079,11.28571429,28.15685,-94.30297,coral,100,21213,683,7.409780023,0.986730539,1.135338368,68.45760954,716.0612245,725.5756431,primers.trimmed.1392.101.SH21798.COI.30.100_F_filt.fastq.gz,30,arms,30_STE,0.147437619,0.046237678,0.349222204,0.048197993,0.001270886,0.000231884,378.0407235,67.76436582,0.010061002,0.004386475
SH21799,primers.trimmed.1392.102.SH21799.COI.30.100b_F_filt,primers-trimmed-1392-102-SH21799-COI-30-100b_F_filt.fastq.gz,SH21799-COI-30-100b,30b_STE_100,stetson_arms_30b_100,Stetson_30b_100,Stetson_coral,Stetson,Stetson_coral,Stetson_shallow,23.13,36.19,54,22.143352,3.1,-0.998676079,11.28571429,28.15685,-94.30297,coral,100,38126,837,7.41397204,0.98631208,1.101659117,79.2518343,852.5,866.6354859,primers.trimmed.1392.102.SH21799.COI.30.100b_F_filt.fastq.gz,30b,arms,30_STE,0.147437619,0.046237678,0.349222204,0.048197993,0.001270886,0.000231884,378.0407235,67.76436582,0.010061002,0.004386475
SH21800,primers.trimmed.1392.103.SH21800.COI.30.500_F_filt,primers-trimmed-1392-103-SH21800-COI-30-500_F_filt.fastq.gz,SH21800-COI-30-500,30_STE_500,stetson_arms_30_500,Stetson_30_500,Stetson_coral,Stetson,Stetson_coral,Stetson_shallow,23.13,36.19,54,22.143352,3.1,-0.998676079,11.28571429,28.15685,-94.30297,coral,500,85067,519,5.784535238,0.95824413,0.925243789,45.63396406,540.2,547.9441758,primers.trimmed.1392.103.SH21800.COI.30.500_F_filt.fastq.gz,30,arms,30_STE,0.147437619,0.046237678,0.349222204,0.048197993,0.001270886,0.000231884,378.0407235,67.76436582,0.010061002,0.004386475
SH21801,primers.trimmed.1392.104.SH21801.COI.30.500b_F_filt,primers-trimmed-1392-104-SH21801-COI-30-500b_F_filt.fastq.gz,SH21801-COI-30-500b,30b_STE_500,stetson_arms_30b_500,Stetson_30b_500,Stetson_coral,Stetson,Stetson_coral,Stetson_shallow,23.13,36.19,54,22.143352,3.1,-0.998676079,11.28571429,28.15685,-94.30297,coral,500,18687,284,5.991301722,0.969724041,1.060599937,28.77307723,301,302.9380804,primers.trimmed.1392.104.SH21801.COI.30.500b_F_filt.fastq.gz,30b,arms,30_STE,0.147437619,0.046237678,0.349222204,0.048197993,0.001270886,0.000231884,378.0407235,67.76436582,0.010061002,0.004386475
SH21733,primers.trimmed.1392.034.SH21733.COI.34.SESS_F_filt,primers-trimmed-1392-034-SH21733-COI-34-SESS_F_filt.fastq.gz,SH21733-COI-34-SESS,34_EFGdeep_SESSILE,efgb_arms_34_sessile,EFGB_34_sessile,EFGB_deep,EFGB,EFGB_deep,EFGB_deep,21.42,35.99,81,20.7629044,7.2,0.080470995,5.857142857,27.89072,-93.62013,deep,sessile,61502,703,5.858403423,0.942639477,0.893681842,63.66293123,751.5666667,758.1925806,primers.trimmed.1392.034.SH21733.COI.34.SESS_F_filt.fastq.gz,34,arms,34_EFGdeep,0.158665243,0.052180641,0.352614933,0.067819301,0.001283959,0.000272775,395.8950762,105.0385937,0.011034233,0.004941442
SH21734,primers.trimmed.1392.035.SH21734.COI.35.SESS_F_filt,primers-trimmed-1392-035-SH21734-COI-35-SESS_F_filt.fastq.gz,SH21734-COI-35-SESS,35_EFGdeep_SESSILE,efgb_arms_35_sessile,EFGB_35_sessile,EFGB_deep,EFGB,EFGB_deep,EFGB_deep,20.98,36.23,81,20.7629044,7.2,0.080470995,5.857142857,27.89072,-93.62013,deep,sessile,57198,645,5.155430374,0.91268192,0.796913108,58.78983742,679,696.0835012,primers.trimmed.1392.035.SH21734.COI.35.SESS_F_filt.fastq.gz,35,arms,35_EFGdeep,0.158665243,0.052180641,0.352614933,0.067819301,0.001283959,0.000272775,395.8950762,105.0385937,0.011034233,0.004941442
SH21735,primers.trimmed.1392.036.SH21735.COI.36.SESS_F_filt,primers-trimmed-1392-036-SH21735-COI-36-SESS_F_filt.fastq.gz,SH21735-COI-36-SESS,36_EFGdeep_SESSILE,efgb_arms_36_sessile,EFGB_36_sessile,EFGB_deep,EFGB,EFGB_deep,EFGB_deep,21.12,36.19,81,20.7629044,7.2,0.080470995,5.857142857,27.89072,-93.62013,deep,sessile,51888,645,5.077036848,0.901652438,0.784795239,59.31742866,678.75,689.2537838,primers.trimmed.1392.036.SH21735.COI.36.SESS_F_filt.fastq.gz,36,arms,36_EFGdeep,0.158665243,0.052180641,0.352614933,0.067819301,0.001283959,0.000272775,395.8950762,105.0385937,0.011034233,0.004941442
SH21808,primers.trimmed.1392.111.SH21808.COI.34.100_F_filt,primers-trimmed-1392-111-SH21808-COI-34-100_F_filt.fastq.gz,SH21808-COI-34-100,34_EFGdeep_100,efgb_arms_34_100,EFGB_34_100,EFGB_deep,EFGB,EFGB_deep,EFGB_deep,21.42,35.99,81,20.7629044,7.2,0.080470995,5.857142857,27.89072,-93.62013,deep,100,70396,937,6.879882111,0.971548701,1.005436293,83.85675325,962.7142857,975.5508143,primers.trimmed.1392.111.SH21808.COI.34.100_F_filt.fastq.gz,34,arms,34_EFGdeep,0.158665243,0.052180641,0.352614933,0.067819301,0.001283959,0.000272775,395.8950762,105.0385937,0.011034233,0.004941442
SH21809,primers.trimmed.1392.112.SH21809.COI.34.500_F_filt,primers-trimmed-1392-112-SH21809-COI-34-500_F_filt.fastq.gz,SH21809-COI-34-500,34_EFGdeep_500,efgb_arms_34_500,EFGB_34_500,EFGB_deep,EFGB,EFGB_deep,EFGB_deep,21.42,35.99,81,20.7629044,7.2,0.080470995,5.857142857,27.89072,-93.62013,deep,500,92755,664,6.434146293,0.978157538,0.990130337,57.96611391,689.2,696.5728217,primers.trimmed.1392.112.SH21809.COI.34.500_F_filt.fastq.gz,34,arms,34_EFGdeep,0.158665243,0.052180641,0.352614933,0.067819301,0.001283959,0.000272775,395.8950762,105.0385937,0.011034233,0.004941442
SH21810,primers.trimmed.1392.113.SH21810.COI.35.100_F_filt,primers-trimmed-1392-113-SH21810-COI-35-100_F_filt.fastq.gz,SH21810-COI-35-100,35_EFGdeep_100,efgb_arms_35_100,EFGB_35_100,EFGB_deep,EFGB,EFGB_deep,EFGB_deep,20.98,36.23,81,20.7629044,7.2,0.080470995,5.857142857,27.89072,-93.62013,deep,100,40639,626,6.254951876,0.962181425,0.971363805,58.89290678,661.0113636,667.7827314,primers.trimmed.1392.113.SH21810.COI.35.100_F_filt.fastq.gz,35,arms,35_EFGdeep,0.158665243,0.052180641,0.352614933,0.067819301,0.001283959,0.000272775,395.8950762,105.0385937,0.011034233,0.004941442
SH21811,primers.trimmed.1392.114.SH21811.COI.35.500_F_filt,primers-trimmed-1392-114-SH21811-COI-35-500_F_filt.fastq.gz,SH21811-COI-35-500,35_EFGdeep_500,efgb_arms_35_500,EFGB_35_500,EFGB_deep,EFGB,EFGB_deep,EFGB_deep,20.98,36.23,81,20.7629044,7.2,0.080470995,5.857142857,27.89072,-93.62013,deep,500,74078,473,5.834093003,0.96109056,0.947232123,42.09447154,498.6521739,509.1218869,primers.trimmed.1392.114.SH21811.COI.35.500_F_filt.fastq.gz,35,arms,35_EFGdeep,0.158665243,0.052180641,0.352614933,0.067819301,0.001283959,0.000272775,395.8950762,105.0385937,0.011034233,0.004941442
SH21812,primers.trimmed.1392.115.SH21812.COI.36.100_F_filt,primers-trimmed-1392-115-SH21812-COI-36-100_F_filt.fastq.gz,SH21812-COI-36-100,36_EFGdeep_100,efgb_arms_36_100,EFGB_36_100,EFGB_deep,EFGB,EFGB_deep,EFGB_deep,21.12,36.19,81,20.7629044,7.2,0.080470995,5.857142857,27.89072,-93.62013,deep,100,71976,954,6.367957769,0.961713892,0.92818393,85.2103452,992.4507042,1007.25941,primers.trimmed.1392.115.SH21812.COI.36.100_F_filt.fastq.gz,36,arms,36_EFGdeep,0.158665243,0.052180641,0.352614933,0.067819301,0.001283959,0.000272775,395.8950762,105.0385937,0.011034233,0.004941442
SH21813,primers.trimmed.1392.116.SH21813.COI.36.500_F_filt,primers-trimmed-1392-116-SH21813-COI-36-500_F_filt.fastq.gz,SH21813-COI-36-500,36_EFGdeep_500,efgb_arms_36_500,EFGB_36_500,EFGB_deep,EFGB,EFGB_deep,EFGB_deep,21.12,36.19,81,20.7629044,7.2,0.080470995,5.857142857,27.89072,-93.62013,deep,500,49787,521,6.098534673,0.969721878,0.974868662,48.07910484,560.2238806,567.6420203,primers.trimmed.1392.116.SH21813.COI.36.500_F_filt.fastq.gz,36,arms,36_EFGdeep,0.158665243,0.052180641,0.352614933,0.067819301,0.001283959,0.000272775,395.8950762,105.0385937,0.011034233,0.004941442
SH21732,primers.trimmed.1392.033.SH21732.COI.33.SESS_F_filt,primers-trimmed-1392-033-SH21732-COI-33-SESS_F_filt.fastq.gz,SH21732-COI-33-SESS,33_EFGshal_SESSILE,efgb_arms_33_sessile,EFGB_33_sessile,EFGB_shallow,EFGB,EFGB_shallow,EFGB_shallow,23.1,36.25,55,22.5535989,14,1.333492378,2.428571429,27.900074,-93.609648,shallow,sessile,59603,547,5.018278948,0.909587154,0.795990118,49.65685301,579.0434783,585.1156567,primers.trimmed.1392.033.SH21732.COI.33.SESS_F_filt.fastq.gz,33,arms,33_EFGshal,0.158665243,0.052180641,0.348420121,0.052687432,0.001283959,0.000272775,395.8950762,105.0385937,0.011034233,0.004941442
SH21806,primers.trimmed.1392.109.SH21806.COI.33.100_F_filt,primers-trimmed-1392-109-SH21806-COI-33-100_F_filt.fastq.gz,SH21806-COI-33-100,33_EFGshal_100,efgb_arms_33_100,EFGB_33_100,EFGB_shallow,EFGB,EFGB_shallow,EFGB_shallow,23.1,36.25,55,22.5535989,14,1.333492378,2.428571429,27.900074,-93.609648,shallow,100,63172,853,6.862594375,0.980889136,1.016867519,77.07884603,893.1470588,911.6304977,primers.trimmed.1392.109.SH21806.COI.33.100_F_filt.fastq.gz,33,arms,33_EFGshal,0.158665243,0.052180641,0.348420121,0.052687432,0.001283959,0.000272775,395.8950762,105.0385937,0.011034233,0.004941442
SH21807,primers.trimmed.1392.110.SH21807.COI.33.500_F_filt,primers-trimmed-1392-110-SH21807-COI-33-500_F_filt.fastq.gz,SH21807-COI-33-500,33_EFGshal_500,efgb_arms_33_500,EFGB_33_500,EFGB_shallow,EFGB,EFGB_shallow,EFGB_shallow,23.1,36.25,55,22.5535989,14,1.333492378,2.428571429,27.900074,-93.609648,shallow,500,59891,386,5.508457758,0.946363334,0.924883844,34.99910427,424,422.5483342,primers.trimmed.1392.110.SH21807.COI.33.500_F_filt.fastq.gz,33,arms,33_EFGshal,0.158665243,0.052180641,0.348420121,0.052687432,0.001283959,0.000272775,395.8950762,105.0385937,0.011034233,0.004941442
SH21731,primers.trimmed.1392.032.SH21731.COI.32.SESS_F_filt,primers-trimmed-1392-032-SH21731-COI-32-SESS_F_filt.fastq.gz,SH21731-COI-32-SESS,32_EFGshal_SESSILE,efgb_arms_32_sessile,EFGB_32_sessile,EFGB_shallow,EFGB,EFGB_shallow,EFGB_shallow,na,na,55,22.5535989,14,1.333492378,2.428571429,27.899992,-93.609618,shallow,sessile,55904,363,4.384161682,0.898510059,0.743783858,33.11563853,385.1886792,389.3800399,primers.trimmed.1392.032.SH21731.COI.32.SESS_F_filt.fastq.gz,32,arms,32_EFGshal,0.158665243,0.052180641,0.348420121,0.052687432,0.001283959,0.000272775,395.8950762,105.0385937,0.011034233,0.004941442
SH21804,primers.trimmed.1392.107.SH21804.COI.32.100_F_filt,primers-trimmed-1392-107-SH21804-COI-32-100_F_filt.fastq.gz,SH21804-COI-32-100,32_EFGshal_100,efgb_arms_32_100,EFGB_32_100,EFGB_shallow,EFGB,EFGB_shallow,EFGB_shallow,na,na,55,22.5535989,14,1.333492378,2.428571429,27.899992,-93.609618,shallow,100,65497,697,6.162609924,0.962325738,0.941318454,62.76060293,717.0403226,735.4084178,primers.trimmed.1392.107.SH21804.COI.32.100_F_filt.fastq.gz,32,arms,32_EFGshal,0.158665243,0.052180641,0.348420121,0.052687432,0.001283959,0.000272775,395.8950762,105.0385937,0.011034233,0.004941442
SH21805,primers.trimmed.1392.108.SH21805.COI.32.500_F_filt,primers-trimmed-1392-108-SH21805-COI-32-500_F_filt.fastq.gz,SH21805-COI-32-500,32_EFGshal_500,efgb_arms_32_500,EFGB_32_500,EFGB_shallow,EFGB,EFGB_shallow,EFGB_shallow,na,na,55,22.5535989,14,1.333492378,2.428571429,27.899992,-93.609618,shallow,500,73982,364,5.450006001,0.943778504,0.924175649,32.37724691,381.6428571,386.00536,primers.trimmed.1392.108.SH21805.COI.32.500_F_filt.fastq.gz,32,arms,32_EFGshal,0.158665243,0.052180641,0.348420121,0.052687432,0.001283959,0.000272775,395.8950762,105.0385937,0.011034233,0.004941442
SH21730,primers.trimmed.1392.031.SH21730.COI.31.SESS_F_filt,primers-trimmed-1392-031-SH21730-COI-31-SESS_F_filt.fastq.gz,SH21730-COI-31-SESS,31_EFGshal_SESSILE,efgb_arms_31_sessile,EFGB_31_sessile,EFGB_shallow,EFGB,EFGB_shallow,EFGB_shallow,23.17,36.31,55,22.5535989,14,1.333492378,2.428571429,27.900075,-93.609576,shallow,sessile,55191,539,5.122463383,0.925067114,0.814418923,49.2739187,569.8684211,577.4367502,primers.trimmed.1392.031.SH21730.COI.31.SESS_F_filt.fastq.gz,31,arms,31_EFGshal,0.158665243,0.052180641,0.348420121,0.052687432,0.001283959,0.000272775,395.8950762,105.0385937,0.011034233,0.004941442
SH21802,primers.trimmed.1392.105.SH21802.COI.31.100_F_filt,primers-trimmed-1392-105-SH21802-COI-31-100_F_filt.fastq.gz,SH21802-COI-31-100,31_EFGshal_100,efgb_arms_31_100,EFGB_31_100,EFGB_shallow,EFGB,EFGB_shallow,EFGB_shallow,23.17,36.31,55,22.5535989,14,1.333492378,2.428571429,27.900075,-93.609576,shallow,100,79661,916,6.463200235,0.964788641,0.947681045,81.07723442,928.0394737,942.3171955,primers.trimmed.1392.105.SH21802.COI.31.100_F_filt.fastq.gz,31,arms,31_EFGshal,0.158665243,0.052180641,0.348420121,0.052687432,0.001283959,0.000272775,395.8950762,105.0385937,0.011034233,0.004941442
SH21803,primers.trimmed.1392.106.SH21803.COI.31.500_F_filt,primers-trimmed-1392-106-SH21803-COI-31-500_F_filt.fastq.gz,SH21803-COI-31-500,31_EFGshal_500,efgb_arms_31_500,EFGB_31_500,EFGB_shallow,EFGB,EFGB_shallow,EFGB_shallow,23.17,36.31,55,22.5535989,14,1.333492378,2.428571429,27.900075,-93.609576,shallow,500,98725,452,5.607750649,0.958707139,0.91724602,39.2170725,472.0909091,486.8514664,primers.trimmed.1392.106.SH21803.COI.31.500_F_filt.fastq.gz,31,arms,31_EFGshal,0.158665243,0.052180641,0.348420121,0.052687432,0.001283959,0.000272775,395.8950762,105.0385937,0.011034233,0.004941442
SH21724,primers.trimmed.1392.025.SH21724.COI.25.SESS_F_filt,primers-trimmed-1392-025-SH21724-COI-25-SESS_F_filt.fastq.gz,SH21724-COI-25-SESS,25_BRIshal_SESSILE,bright_arms_25_sessile,Bright_25_sessile,Bright_shallow,Bright,Bright_shallow,Bright_shallow,22.6,36.29,65,21.6484004,9.3,0.416501906,4.142857143,27.89328,-93.271731,shallow,sessile,90764,693,5.256483945,0.897675158,0.803617159,60.61658272,730.5375,734.3406047,primers.trimmed.1392.025.SH21724.COI.25.SESS_F_filt.fastq.gz,25,arms,25_BRIshal,0.17203476,0.059316113,0.352876233,0.068628463,0.001332392,0.000259265,417.8300923,127.6111537,0.0119523,0.005141303
SH21725,primers.trimmed.1392.026.SH21725.COI.26.SESS_F_filt,primers-trimmed-1392-026-SH21725-COI-26-SESS_F_filt.fastq.gz,SH21725-COI-26-SESS,26_BRIshal_SESSILE,bright_arms_26_sessile,Bright_26_sessile,Bright_shallow,Bright,Bright_shallow,Bright_shallow,22.46,36.32,65,21.6484004,9.3,0.416501906,4.142857143,27.89328,-93.271731,shallow,sessile,61174,575,5.161422793,0.904925332,0.812263491,52.08013153,594.7037037,603.7175336,primers.trimmed.1392.026.SH21725.COI.26.SESS_F_filt.fastq.gz,26,arms,26_BRIshal,0.17203476,0.059316113,0.352876233,0.068628463,0.001332392,0.000259265,417.8300923,127.6111537,0.0119523,0.005141303
SH21726,primers.trimmed.1392.027.SH21726.COI.27.SESS_F_filt,primers-trimmed-1392-027-SH21726-COI-27-SESS_F_filt.fastq.gz,SH21726-COI-27-SESS,27_BRIshal_SESSILE,bright_arms_27_sessile,Bright_27_sessile,Bright_shallow,Bright,Bright_shallow,Bright_shallow,22.54,36.32,65,21.6484004,9.3,0.416501906,4.142857143,27.89328,-93.271731,shallow,sessile,54991,560,5.002504086,0.891001481,0.790542677,51.21427857,581.5853659,590.854068,primers.trimmed.1392.027.SH21726.COI.27.SESS_F_filt.fastq.gz,27,arms,27_BRIshal,0.17203476,0.059316113,0.352876233,0.068628463,0.001332392,0.000259265,417.8300923,127.6111537,0.0119523,0.005141303
SH21785,primers.trimmed.1392.087.SH21785.COI.25.100_F_filt,primers-trimmed-1392-087-SH21785-COI-25-100_F_filt.fastq.gz,SH21785-COI-25-100,25_BRIshal_100,bright_arms_25_100,Bright_25_100,Bright_shallow,Bright,Bright_shallow,Bright_shallow,22.6,36.29,65,21.6484004,9.3,0.416501906,4.142857143,27.89328,-93.271731,shallow,100,51822,520,4.948759774,0.887513419,0.791316795,47.80955746,566.48,577.8359214,primers.trimmed.1392.087.SH21785.COI.25.100_F_filt.fastq.gz,25,arms,25_BRIshal,0.17203476,0.059316113,0.352876233,0.068628463,0.001332392,0.000259265,417.8300923,127.6111537,0.0119523,0.005141303
SH21786,primers.trimmed.1392.088.SH21786.COI.25.500_F_filt,primers-trimmed-1392-088-SH21786-COI-25-500_F_filt.fastq.gz,SH21786-COI-25-500,25_BRIshal_500,bright_arms_25_500,Bright_25_500,Bright_shallow,Bright,Bright_shallow,Bright_shallow,22.6,36.29,65,21.6484004,9.3,0.416501906,4.142857143,27.89328,-93.271731,shallow,500,45433,405,5.526527299,0.922693724,0.920491548,37.67253136,431.7272727,436.2791111,primers.trimmed.1392.088.SH21786.COI.25.500_F_filt.fastq.gz,25,arms,25_BRIshal,0.17203476,0.059316113,0.352876233,0.068628463,0.001332392,0.000259265,417.8300923,127.6111537,0.0119523,0.005141303
SH21787,primers.trimmed.1392.089.SH21787.COI.26.100_F_filt,primers-trimmed-1392-089-SH21787-COI-26-100_F_filt.fastq.gz,SH21787-COI-26-100,26_BRIshal_100,bright_arms_26_100,Bright_26_100,Bright_shallow,Bright,Bright_shallow,Bright_shallow,22.46,36.32,65,21.6484004,9.3,0.416501906,4.142857143,27.89328,-93.271731,shallow,100,60158,734,6.682918088,0.971912494,1.012792141,66.60772405,754.7802198,763.9622733,primers.trimmed.1392.089.SH21787.COI.26.100_F_filt.fastq.gz,26,arms,26_BRIshal,0.17203476,0.059316113,0.352876233,0.068628463,0.001332392,0.000259265,417.8300923,127.6111537,0.0119523,0.005141303
SH21788,primers.trimmed.1392.090.SH21788.COI.26.100c_F_filt,primers-trimmed-1392-090-SH21788-COI-26-100c_F_filt.fastq.gz,SH21788-COI-26-100c,26c_BRIshal_100,bright_arms_26c_100,Bright_26c_100,Bright_shallow,Bright,Bright_shallow,Bright_shallow,22.46,36.32,65,21.6484004,9.3,0.416501906,4.142857143,27.89328,-93.271731,shallow,100,50498,675,6.059197437,0.946482082,0.930078996,62.23632085,693.4848485,706.2379195,primers.trimmed.1392.090.SH21788.COI.26.100c_F_filt.fastq.gz,26c,arms,26_BRIshal,0.17203476,0.059316113,0.352876233,0.068628463,0.001332392,0.000259265,417.8300923,127.6111537,0.0119523,0.005141303
SH21789,primers.trimmed.1392.091.SH21789.COI.26.500_F_filt,primers-trimmed-1392-091-SH21789-COI-26-500_F_filt.fastq.gz,SH21789-COI-26-500,26_BRIshal_500,bright_arms_26_500,Bright_26_500,Bright_shallow,Bright,Bright_shallow,Bright_shallow,22.46,36.32,65,21.6484004,9.3,0.416501906,4.142857143,27.89328,-93.271731,shallow,500,49830,381,4.82642425,0.922041378,0.81214659,35.13192619,391.7884615,396.7203052,primers.trimmed.1392.091.SH21789.COI.26.500_F_filt.fastq.gz,26,arms,26_BRIshal,0.17203476,0.059316113,0.352876233,0.068628463,0.001332392,0.000259265,417.8300923,127.6111537,0.0119523,0.005141303
SH21790,primers.trimmed.1392.092.SH21790.COI.26.500b_F_filt,primers-trimmed-1392-092-SH21790-COI-26-500b_F_filt.fastq.gz,SH21790-COI-26-500b,26b_BRIshal_500,bright_arms_26b_500,Bright_26b_500,Bright_shallow,Bright,Bright_shallow,Bright_shallow,22.46,36.32,65,21.6484004,9.3,0.416501906,4.142857143,27.89328,-93.271731,shallow,500,45629,389,5.488390968,0.95525403,0.92031826,36.16603235,404.9183673,410.7884462,primers.trimmed.1392.092.SH21790.COI.26.500b_F_filt.fastq.gz,26b,arms,26_BRIshal,0.17203476,0.059316113,0.352876233,0.068628463,0.001332392,0.000259265,417.8300923,127.6111537,0.0119523,0.005141303
SH21791,primers.trimmed.1392.093.SH21791.COI.27.100_F_filt,primers-trimmed-1392-093-SH21791-COI-27-100_F_filt.fastq.gz,SH21791-COIS-27-100,27_BRIshal_100,bright_arms_27_100,Bright_27_100,Bright_shallow,Bright,Bright_shallow,Bright_shallow,22.54,36.32,65,21.6484004,9.3,0.416501906,4.142857143,27.89328,-93.271731,shallow,100,55369,763,6.849248484,0.981721582,1.031939462,69.76887819,803.7916667,809.7711061,primers.trimmed.1392.093.SH21791.COI.27.100_F_filt.fastq.gz,27,arms,27_BRIshal,0.17203476,0.059316113,0.352876233,0.068628463,0.001332392,0.000259265,417.8300923,127.6111537,0.0119523,0.005141303
SH21792,primers.trimmed.1392.094.SH21792.COI.27.500_F_filt,primers-trimmed-1392-094-SH21792-COI-27-500_F_filt.fastq.gz,SH21792-COI-27-500,27_BRIshal_500,bright_arms_27_500,Bright_27_500,Bright_shallow,Bright,Bright_shallow,Bright_shallow,22.54,36.32,65,21.6484004,9.3,0.416501906,4.142857143,27.89328,-93.271731,shallow,500,53407,506,6.253303929,0.973244925,1.0042989,46.39114934,529.4590164,536.3262938,primers.trimmed.1392.094.SH21792.COI.27.500_F_filt.fastq.gz,27,arms,27_BRIshal,0.17203476,0.059316113,0.352876233,0.068628463,0.001332392,0.000259265,417.8300923,127.6111537,0.0119523,0.005141303
SH21718,primers.trimmed.1392.019.SH21718.COI.19.SESS_F_filt,primers-trimmed-1392-019-SH21718-COI-19-SESS_F_filt.fastq.gz,SH21718-COI-19-SESS,19_BRIcoral_SESSILE,bright_arms_19_sessile,Bright_19_sessile,Bright_coral,Bright,Bright_coral,Bright_deep1,20.76,36.32,83,20.60550411,5.8,-0.360435109,7.428571429,27.900727,-93.270305,coral,sessile,51194,644,5.402967852,0.9011697,0.835377169,59.29886634,690.1204819,696.3849716,primers.trimmed.1392.019.SH21718.COI.19.SESS_F_filt.fastq.gz,19,arms,19_BRIcoral,0.17203476,0.059316113,0.353783152,0.077779936,0.001332392,0.000259265,417.8300923,127.6111537,0.0119523,0.005141303
SH21719,primers.trimmed.1392.020.SH21719.COI.20.SESS_F_filt,primers-trimmed-1392-020-SH21719-COI-20-SESS_F_filt.fastq.gz,SH21719-COI-20-SESS,20_BRIcoral_SESSILE,bright_arms_20_sessile,Bright_20_sessile,Bright_coral,Bright,Bright_coral,Bright_deep1,20.79,36.25,83,20.60550411,5.8,-0.360435109,7.428571429,27.900727,-93.270305,coral,sessile,48063,771,5.660486334,0.879564055,0.851496944,71.42679617,796.5461538,814.6326914,primers.trimmed.1392.020.SH21719.COI.20.SESS_F_filt.fastq.gz,20,arms,20_BRIcoral,0.17203476,0.059316113,0.353783152,0.077779936,0.001332392,0.000259265,417.8300923,127.6111537,0.0119523,0.005141303
SH21720,primers.trimmed.1392.021.SH21720.COI.21.SESS_F_filt,primers-trimmed-1392-021-SH21720-COI-21-SESS_F_filt.fastq.gz,SH21720-COI-21-SESS,21_BRIcoral_SESSILE,bright_arms_21_sessile,Bright_21_sessile,Bright_coral,Bright,Bright_coral,Bright_deep1,20.94,36.32,83,20.60550411,5.8,-0.360435109,7.428571429,27.900727,-93.270305,coral,sessile,49096,725,5.328145659,0.895707651,0.808989795,67.02752382,760.7589286,774.3071029,primers.trimmed.1392.021.SH21720.COI.21.SESS_F_filt.fastq.gz,21,arms,21_BRIcoral,0.17203476,0.059316113,0.353783152,0.077779936,0.001332392,0.000259265,417.8300923,127.6111537,0.0119523,0.005141303
SH21772,primers.trimmed.1392.074.SH21772.COI.19.100_F_filt,primers-trimmed-1392-074-SH21772-COI-19-100_F_filt.fastq.gz,SH21772-COI-19-100,19_BRIcoral_100,bright_arms_19_100,Bright_19_100,Bright_coral,Bright,Bright_coral,Bright_deep1,20.76,36.32,83,20.60550411,5.8,-0.360435109,7.428571429,27.900727,-93.270305,coral,100,68681,841,6.93641292,0.981586382,1.029967854,75.42271824,866.744186,886.4485458,primers.trimmed.1392.074.SH21772.COI.19.100_F_filt.fastq.gz,19,arms,19_BRIcoral,0.17203476,0.059316113,0.353783152,0.077779936,0.001332392,0.000259265,417.8300923,127.6111537,0.0119523,0.005141303
SH21773,primers.trimmed.1392.075.SH21773.COI.19.500_F_filt,primers-trimmed-1392-075-SH21773-COI-19-500_F_filt.fastq.gz,SH21773-COI-19-500,19_BRIcoral_500,bright_arms_19_500,Bright_19_500,Bright_coral,Bright,Bright_coral,Bright_deep1,20.76,36.32,83,20.60550411,5.8,-0.360435109,7.428571429,27.900727,-93.270305,coral,500,46697,500,6.32221062,0.97074696,1.01731445,46.41240826,519.9322034,527.7183433,primers.trimmed.1392.075.SH21773.COI.19.500_F_filt.fastq.gz,19,arms,19_BRIcoral,0.17203476,0.059316113,0.353783152,0.077779936,0.001332392,0.000259265,417.8300923,127.6111537,0.0119523,0.005141303
SH21774,primers.trimmed.1392.076.SH21774.COI.20.100_F_filt,primers-trimmed-1392-076-SH21774-COI-20-100_F_filt.fastq.gz,SH21774-COI-20-100,20_BRIcoral_100,bright_arms_20_100,Bright_20_100,Bright_coral,Bright,Bright_coral,Bright_deep1,20.79,36.25,83,20.60550411,5.8,-0.360435109,7.428571429,27.900727,-93.270305,coral,100,51841,787,6.703339747,0.972636865,1.005265491,72.40278084,824.5688073,838.4087428,primers.trimmed.1392.076.SH21774.COI.20.100_F_filt.fastq.gz,20,arms,20_BRIcoral,0.17203476,0.059316113,0.353783152,0.077779936,0.001332392,0.000259265,417.8300923,127.6111537,0.0119523,0.005141303
SH21775,primers.trimmed.1392.077.SH21775.COI.20.100b_F_filt,primers-trimmed-1392-077-SH21775-COI-20-100b_F_filt.fastq.gz,SH21775-COI-20-100b,20b_BRIcoral_100,bright_arms_20b_100,Bright_20b_100,Bright_coral,Bright,Bright_coral,Bright_deep1,20.79,36.25,83,20.60550411,5.8,-0.360435109,7.428571429,27.900727,-93.270305,coral,100,51976,792,7.002619508,0.98058732,1.049150513,72.8459068,831.1666667,847.2662957,primers.trimmed.1392.077.SH21775.COI.20.100b_F_filt.fastq.gz,20b,arms,20_BRIcoral,0.17203476,0.059316113,0.353783152,0.077779936,0.001332392,0.000259265,417.8300923,127.6111537,0.0119523,0.005141303
SH21776,primers.trimmed.1392.078.SH21776.COI.20.500_F_filt,primers-trimmed-1392-078-SH21776-COI-20-500_F_filt.fastq.gz,SH21776-COI-20-500,20_BRIcoral_500,bright_arms_20_500,Bright_20_500,Bright_coral,Bright,Bright_coral,Bright_deep1,20.79,36.25,83,20.60550411,5.8,-0.360435109,7.428571429,27.900727,-93.270305,coral,500,50165,501,5.655854354,0.923191241,0.909797768,46.19760089,529.6515152,539.7441333,primers.trimmed.1392.078.SH21776.COI.20.500_F_filt.fastq.gz,20,arms,20_BRIcoral,0.17203476,0.059316113,0.353783152,0.077779936,0.001332392,0.000259265,417.8300923,127.6111537,0.0119523,0.005141303
SH21777,primers.trimmed.1392.079.SH21777.COI.21.100_F_filt,primers-trimmed-1392-079-SH21777-COI-21-100_F_filt.fastq.gz,SH21777-COI-21-100,21_BRIcoral_100,bright_arms_21_100,Bright_21_100,Bright_coral,Bright,Bright_coral,Bright_deep1,20.94,36.32,83,20.60550411,5.8,-0.360435109,7.428571429,27.900727,-93.270305,coral,100,57245,858,7.212455073,0.983807368,1.067783539,78.22843659,897.9813084,905.7774965,primers.trimmed.1392.079.SH21777.COI.21.100_F_filt.fastq.gz,21,arms,21_BRIcoral,0.17203476,0.059316113,0.353783152,0.077779936,0.001332392,0.000259265,417.8300923,127.6111537,0.0119523,0.005141303
SH21778,primers.trimmed.1392.080.SH21778.COI.21.500_F_filt,primers-trimmed-1392-080-SH21778-COI-21-500_F_filt.fastq.gz,SH21778-COI-21-500,21_BRIcoral_500,bright_arms_21_500,Bright_21_500,Bright_coral,Bright,Bright_coral,Bright_deep1,20.94,36.32,83,20.60550411,5.8,-0.360435109,7.428571429,27.900727,-93.270305,coral,500,49999,450,6.128110793,0.973067438,1.003087649,41.49815441,477.5172414,484.3908729,primers.trimmed.1392.080.SH21778.COI.21.500_F_filt.fastq.gz,21,arms,21_BRIcoral,0.17203476,0.059316113,0.353783152,0.077779936,0.001332392,0.000259265,417.8300923,127.6111537,0.0119523,0.005141303
SH21721,primers.trimmed.1392.022.SH21721.COI.22.SESS_F_filt,primers-trimmed-1392-022-SH21721-COI-22-SESS_F_filt.fastq.gz,SH21721-COI-22-SESS,22_BRIback_SESSILE,bright_arms_22_sessile,Bright_22_sessile,Bright_background,Bright,Bright_background,Bright_deep2,21.11,36.29,83,20.7366144,7,-0.066943023,6.857142857,27.900607,-93.270223,background,sessile,48216,640,5.854362508,0.947988348,0.906042148,59.25749417,691.4788732,692.791187,primers.trimmed.1392.022.SH21721.COI.22.SESS_F_filt.fastq.gz,22,arms,22_BRIback,0.17203476,0.059316113,0.353783152,0.077779936,0.001332392,0.000259265,417.8300923,127.6111537,0.0119523,0.005141303
SH21722,primers.trimmed.1392.023.SH21722.COI.23.SESS_F_filt,primers-trimmed-1392-023-SH21722-COI-23-SESS_F_filt.fastq.gz,SH21722-COI-23-SESS,23_BRIback_SESSILE,bright_arms_23_sessile,Bright_23_sessile,Bright_background,Bright,Bright_background,Bright_deep2,20.92,36.3,83,20.7366144,7,-0.066943023,6.857142857,27.900607,-93.270223,background,sessile,54092,593,5.207675666,0.920763573,0.815586079,54.31969293,628.0113636,637.2776785,primers.trimmed.1392.023.SH21722.COI.23.SESS_F_filt.fastq.gz,23,arms,23_BRIback,0.17203476,0.059316113,0.353783152,0.077779936,0.001332392,0.000259265,417.8300923,127.6111537,0.0119523,0.005141303
SH21723,primers.trimmed.1392.024.SH21723.COI.24.SESS_F_filt,primers-trimmed-1392-024-SH21723-COI-24-SESS_F_filt.fastq.gz,SH21723-COI-24-SESS,24_BRIback_SESSILE,bright_arms_24_sessile,Bright_24_sessile,Bright_background,Bright,Bright_background,Bright_deep2,21.07,36.29,83,20.7366144,7,-0.066943023,6.857142857,27.900607,-93.270223,background,sessile,61248,697,5.536642217,0.921402728,0.84570394,63.14250175,747.5283019,766.170036,primers.trimmed.1392.024.SH21723.COI.24.SESS_F_filt.fastq.gz,24,arms,24_BRIback,0.17203476,0.059316113,0.353783152,0.077779936,0.001332392,0.000259265,417.8300923,127.6111537,0.0119523,0.005141303
SH21779,primers.trimmed.1392.081.SH21779.COI.22.100_F_filt,primers-trimmed-1392-081-SH21779-COI-22-100_F_filt.fastq.gz,SH21779-COI-22-100,22_BRIback_100,bright_arms_22_100,Bright_22_100,Bright_background,Bright,Bright_background,Bright_deep2,21.11,36.29,83,20.7366144,7,-0.066943023,6.857142857,27.900607,-93.270223,background,100,51955,847,7.013638703,0.980921629,1.040336707,77.91394537,903.6209677,924.1471676,primers.trimmed.1392.081.SH21779.COI.22.100_F_filt.fastq.gz,22,arms,22_BRIback,0.17203476,0.059316113,0.353783152,0.077779936,0.001332392,0.000259265,417.8300923,127.6111537,0.0119523,0.005141303
SH21780,primers.trimmed.1392.082.SH21780.COI.22.500_F_filt,primers-trimmed-1392-082-SH21780-COI-22-500_F_filt.fastq.gz,SH21780-COI-22-500,22_BRIback_500,bright_arms_22_500,Bright_22_500,Bright_background,Bright,Bright_background,Bright_deep2,21.11,36.29,83,20.7366144,7,-0.066943023,6.857142857,27.900607,-93.270223,background,500,50502,419,6.276377748,0.97801513,1.03950181,38.59731728,446.1276596,449.0304034,primers.trimmed.1392.082.SH21780.COI.22.500_F_filt.fastq.gz,22,arms,22_BRIback,0.17203476,0.059316113,0.353783152,0.077779936,0.001332392,0.000259265,417.8300923,127.6111537,0.0119523,0.005141303
SH21781,primers.trimmed.1392.083.SH21781.COI.23.100_F_filt,primers-trimmed-1392-083-SH21781-COI-23-100_F_filt.fastq.gz,SH21781-COI-23-100,23_BRIback_100,bright_arms_23_100,Bright_23_100,Bright_background,Bright,Bright_background,Bright_deep2,20.92,36.3,83,20.7366144,7,-0.066943023,6.857142857,27.900607,-93.270223,background,100,48206,857,6.857613444,0.975818386,1.015425555,79.38245809,906.9302326,922.4285023,primers.trimmed.1392.083.SH21781.COI.23.100_F_filt.fastq.gz,23,arms,23_BRIback,0.17203476,0.059316113,0.353783152,0.077779936,0.001332392,0.000259265,417.8300923,127.6111537,0.0119523,0.005141303
SH21782,primers.trimmed.1392.084.SH21782.COI.23.500_F_filt,primers-trimmed-1392-084-SH21782-COI-23-500_F_filt.fastq.gz,SH21782-COI-23-500,23_BRIback_500,bright_arms_23_500,Bright_23_500,Bright_background,Bright,Bright_background,Bright_deep2,20.92,36.3,83,20.7366144,7,-0.066943023,6.857142857,27.900607,-93.270223,background,500,49366,494,6.276134869,0.972895268,1.011866011,45.61850792,514.4,521.931376,primers.trimmed.1392.084.SH21782.COI.23.500_F_filt.fastq.gz,23,arms,23_BRIback,0.17203476,0.059316113,0.353783152,0.077779936,0.001332392,0.000259265,417.8300923,127.6111537,0.0119523,0.005141303
SH21783,primers.trimmed.1392.085.SH21783.COI.24.100_F_filt,primers-trimmed-1392-085-SH21783-COI-24-100_F_filt.fastq.gz,SH21783-COI-24-100,24_BRIback_100,bright_arms_24_100,Bright_24_100,Bright_background,Bright,Bright_background,Bright_deep2,21.07,36.29,83,20.7366144,7,-0.066943023,6.857142857,27.900607,-93.270223,background,100,50369,889,7.193377177,0.985015208,1.059392366,82.01618552,963.0434783,969.0428132,primers.trimmed.1392.085.SH21783.COI.24.100_F_filt.fastq.gz,24,arms,24_BRIback,0.17203476,0.059316113,0.353783152,0.077779936,0.001332392,0.000259265,417.8300923,127.6111537,0.0119523,0.005141303
SH21784,primers.trimmed.1392.086.SH21784.COI.24.500_F_filt,primers-trimmed-1392-086-SH21784-COI-24-500_F_filt.fastq.gz,SH21784-COI-24-500,24_BRIback_500,bright_arms_24_500,Bright_24_500,Bright_background,Bright,Bright_background,Bright_deep2,21.07,36.29,83,20.7366144,7,-0.066943023,6.857142857,27.900607,-93.270223,background,500,42600,538,6.488011261,0.974897054,1.031831616,50.3770798,559.358209,566.6299275,primers.trimmed.1392.086.SH21784.COI.24.500_F_filt.fastq.gz,24,arms,24_BRIback,0.17203476,0.059316113,0.353783152,0.077779936,0.001332392,0.000259265,417.8300923,127.6111537,0.0119523,0.005141303
SH21715,primers.trimmed.1392.016.SH21715.COI.16.SESS_F_filt,primers-trimmed-1392-016-SH21715-COI-16-SESS_F_filt.fastq.gz,SH21715-COI-16-SESS,16_MCG_SESSILE,mcgrail_arms_16_sessile,McGrail_16_sessile,McGrail_coral,McGrail,McGrail_coral,McGrail_deep,20.03,36.46,85,20.6217875,12.7,1.277605162,2,27.95717,-92.581294,coral,sessile,52150,579,5.296089149,0.925381094,0.83254792,53.2136268,605.183908,615.0233577,primers.trimmed.1392.016.SH21715.COI.16.SESS_F_filt.fastq.gz,16,arms,16_MCG,0.235690182,0.115790559,0.349423363,0.067144235,0.001564413,0.000332542,502.7807988,211.0258176,0.016262625,0.007968339
SH21716,primers.trimmed.1392.017.SH21716.COI.17.SESS_F_filt,primers-trimmed-1392-017-SH21716-COI-17-SESS_F_filt.fastq.gz,SH21716-COI-17-SESS,17b_MCG_SESSILE,mcgrail_arms_17b_sessile,McGrail_17b_sessile,McGrail_coral,McGrail,McGrail_coral,McGrail_deep,20.02,36.44,85,20.6217875,12.7,1.277605162,2,27.95717,-92.581294,coral,sessile,90425,612,5.080151948,0.921470619,0.791703896,53.53883809,648,650.9946152,primers.trimmed.1392.017.SH21716.COI.17.SESS_F_filt.fastq.gz,17b,arms,17_MCG,0.235690182,0.115790559,0.349423363,0.067144235,0.001564413,0.000332542,502.7807988,211.0258176,0.016262625,0.007968339
SH21717,primers.trimmed.1392.018.SH21717.COI.18.SESS_F_filt,primers-trimmed-1392-018-SH21717-COI-18-SESS_F_filt.fastq.gz,SH21717-COI-18-SESS,18_MCG_SESSILE,mcgrail_arms_18_sessile,McGrail_18_sessile,McGrail_coral,McGrail,McGrail_coral,McGrail_deep,20.39,36.4,85,20.6217875,12.7,1.277605162,2,27.95717,-92.581294,coral,sessile,50758,579,5.813432294,0.958017243,0.913874527,53.34650311,617.0722892,628.0387967,primers.trimmed.1392.018.SH21717.COI.18.SESS_F_filt.fastq.gz,18,arms,18_MCG,0.235690182,0.115790559,0.349423363,0.067144235,0.001564413,0.000332542,502.7807988,211.0258176,0.016262625,0.007968339
SH21766,primers.trimmed.1392.068.SH21766.COI.16.100_F_filt,primers-trimmed-1392-068-SH21766-COI-16-100_F_filt.fastq.gz,SH21766-COI-16-100,16_MCG_100,mcgrail_arms_16_100,McGrail_16_100,McGrail_coral,McGrail,McGrail_coral,McGrail_deep,20.03,36.46,85,20.6217875,12.7,1.277605162,2,27.95717,-92.581294,coral,100,53470,828,7.025635696,0.979300693,1.045635056,75.9630217,869.7857143,877.1588325,primers.trimmed.1392.068.SH21766.COI.16.100_F_filt.fastq.gz,16,arms,16_MCG,0.235690182,0.115790559,0.349423363,0.067144235,0.001564413,0.000332542,502.7807988,211.0258176,0.016262625,0.007968339
SH21767,primers.trimmed.1392.069.SH21767.COI.16.500_F_filt,primers-trimmed-1392-069-SH21767-COI-16-500_F_filt.fastq.gz,SH21767-COI-16-500,16_MCG_500,mcgrail_arms_16_500,McGrail_16_500,McGrail_coral,McGrail,McGrail_coral,McGrail_deep,20.03,36.46,85,20.6217875,12.7,1.277605162,2,27.95717,-92.581294,coral,500,53457,432,5.731518158,0.950749547,0.944481905,39.58983508,482.7317073,472.7271651,primers.trimmed.1392.069.SH21767.COI.16.500_F_filt.fastq.gz,16,arms,16_MCG,0.235690182,0.115790559,0.349423363,0.067144235,0.001564413,0.000332542,502.7807988,211.0258176,0.016262625,0.007968339
SH21768,primers.trimmed.1392.070.SH21768.COI.17.100_F_filt,primers-trimmed-1392-070-SH21768-COI-17-100_F_filt.fastq.gz,SH21768-COI-17-100,17_MCG_100,mcgrail_arms_17_100,McGrail_17_100,McGrail_coral,McGrail,McGrail_coral,McGrail_deep,20.02,36.44,85,20.6217875,12.7,1.277605162,2,27.95717,-92.581294,coral,100,49438,622,6.330580395,0.955632968,0.984088194,57.45491578,675.8815789,681.4259265,primers.trimmed.1392.070.SH21768.COI.17.100_F_filt.fastq.gz,17,arms,17_MCG,0.235690182,0.115790559,0.349423363,0.067144235,0.001564413,0.000332542,502.7807988,211.0258176,0.016262625,0.007968339
SH21769,primers.trimmed.1392.071.SH21769.COI.17.500_F_filt,primers-trimmed-1392-071-SH21769-COI-17-500_F_filt.fastq.gz,SH21769-COI-17-500,17_MCG_500,mcgrail_arms_17_500,McGrail_17_500,McGrail_coral,McGrail,McGrail_coral,McGrail_deep,20.02,36.44,85,20.6217875,12.7,1.277605162,2,27.95717,-92.581294,coral,500,55952,430,5.765283247,0.938585021,0.950772999,39.2416951,455.1395349,456.6794026,primers.trimmed.1392.071.SH21769.COI.17.500_F_filt.fastq.gz,17,arms,17_MCG,0.235690182,0.115790559,0.349423363,0.067144235,0.001564413,0.000332542,502.7807988,211.0258176,0.016262625,0.007968339
SH21770,primers.trimmed.1392.072.SH21770.COI.18.100_F_filt,primers-trimmed-1392-072-SH21770-COI-18-100_F_filt.fastq.gz,SH21770-COI-18-100,18_MCG_100,mcgrail_arms_18_100,McGrail_18_100,McGrail_coral,McGrail,McGrail_coral,McGrail_deep,20.39,36.4,85,20.6217875,12.7,1.277605162,2,27.95717,-92.581294,coral,100,58060,827,6.897979954,0.980294255,1.026820556,75.3015327,863.9433962,874.1259711,primers.trimmed.1392.072.SH21770.COI.18.100_F_filt.fastq.gz,18,arms,18_MCG,0.235690182,0.115790559,0.349423363,0.067144235,0.001564413,0.000332542,502.7807988,211.0258176,0.016262625,0.007968339
SH21771,primers.trimmed.1392.073.SH21771.COI.18.500_F_filt,primers-trimmed-1392-073-SH21771-COI-18-500_F_filt.fastq.gz,SH21771-COI-18-500,18_MCG_500,mcgrail_arms_18_500,McGrail_18_500,McGrail_coral,McGrail,McGrail_coral,McGrail_deep,20.39,36.4,85,20.6217875,12.7,1.277605162,2,27.95717,-92.581294,coral,500,56003,524,6.140771697,0.971125948,0.980720251,47.83612187,561.6515152,572.9142045,primers.trimmed.1392.073.SH21771.COI.18.500_F_filt.fastq.gz,18,arms,18_MCG,0.235690182,0.115790559,0.349423363,0.067144235,0.001564413,0.000332542,502.7807988,211.0258176,0.016262625,0.007968339
SH21706,primers.trimmed.1392.007.SH21706.COI.07.SESS_F_filt,primers-trimmed-1392-007-SH21706-COI-07-SESS_F_filt.fastq.gz,SH21706-COI-07-SESS,07_ALDcoral_SESSILE,alderdice_arms_07_sessile,Alderdice_07_sessile,Alderdice_coral,Alderdice,Alderdice_coral,Alderdice_deep1,20.04,36.35,82,20.74898104,2.5,-1.259244887,11.28571429,28.095,-92.00577,coral,sessile,55682,591,5.842689063,0.955420858,0.915521389,53.99265521,614.4615385,623.8739484,primers.trimmed.1392.007.SH21706.COI.07.SESS_F_filt.fastq.gz,7,arms,07_ALDcoral,0.337864695,0.197913082,0.350568751,0.048853292,0.003409053,0.002819578,607.4360417,275.2269718,0.022482118,0.010904829
SH21707,primers.trimmed.1392.008.SH21707.COI.08.SESS_F_filt,primers-trimmed-1392-008-SH21707-COI-08-SESS_F_filt.fastq.gz,SH21707-COI-08-SESS,08_ALDcoral_SESSILE,alderdice_arms_08_sessile,Alderdice_08_sessile,Alderdice_coral,Alderdice,Alderdice_coral,Alderdice_deep1,19.68,36.51,82,20.74898104,2.5,-1.259244887,11.28571429,28.095,-92.00577,coral,sessile,59334,708,5.966240558,0.95447812,0.909149164,64.32572128,733.9345794,749.0220955,primers.trimmed.1392.008.SH21707.COI.08.SESS_F_filt.fastq.gz,8,arms,08_ALDcoral,0.337864695,0.197913082,0.350568751,0.048853292,0.003409053,0.002819578,607.4360417,275.2269718,0.022482118,0.010904829
SH21708,primers.trimmed.1392.009.SH21708.COI.09.SESS_F_filt,primers-trimmed-1392-009-SH21708-COI-09-SESS_F_filt.fastq.gz,SH21708-COI-09-SESS,09_ALDcoral_SESSILE,alderdice_arms_09_sessile,Alderdice_09_sessile,Alderdice_coral,Alderdice,Alderdice_coral,Alderdice_deep1,19.93,36.37,82,20.74898104,2.5,-1.259244887,11.28571429,28.095,-92.00577,coral,sessile,73398,720,5.366645971,0.911101194,0.815692515,64.17550297,752.9166667,767.1908533,primers.trimmed.1392.009.SH21708.COI.09.SESS_F_filt.fastq.gz,9,arms,09_ALDcoral,0.337864695,0.197913082,0.350568751,0.048853292,0.003409053,0.002819578,607.4360417,275.2269718,0.022482118,0.010904829
SH21748,primers.trimmed.1392.050.SH21748.COI.07.100_F_filt,primers-trimmed-1392-050-SH21748-COI-07-100_F_filt.fastq.gz,SH21748-COI-07-100,07_ALDcoral_100,alderdice_arms_07_100,Alderdice_07_100,Alderdice_coral,Alderdice,Alderdice_coral,Alderdice_deep1,20.04,36.35,82,20.74898104,2.5,-1.259244887,11.28571429,28.095,-92.00577,coral,100,53214,832,6.906285019,0.979592521,1.027135206,76.36409992,869.5263158,885.591284,primers.trimmed.1392.050.SH21748.COI.07.100_F_filt.fastq.gz,7,arms,07_ALDcoral,0.337864695,0.197913082,0.350568751,0.048853292,0.003409053,0.002819578,607.4360417,275.2269718,0.022482118,0.010904829
SH21749,primers.trimmed.1392.051.SH21749.COI.07.500_F_filt,primers-trimmed-1392-051-SH21749-COI-07-500_F_filt.fastq.gz,SH21749-COI-07-500,07_ALDcoral_500,alderdice_arms_07_500,Alderdice_07_500,Alderdice_coral,Alderdice,Alderdice_coral,Alderdice_deep1,20.04,36.35,82,20.74898104,2.5,-1.259244887,11.28571429,28.095,-92.00577,coral,500,54460,471,5.94268145,0.962055735,0.965526964,43.09861918,500.546875,512.4507227,primers.trimmed.1392.051.SH21749.COI.07.500_F_filt.fastq.gz,7,arms,07_ALDcoral,0.337864695,0.197913082,0.350568751,0.048853292,0.003409053,0.002819578,607.4360417,275.2269718,0.022482118,0.010904829
SH21750,primers.trimmed.1392.052.SH21750.COI.08.100_F_filt,primers-trimmed-1392-052-SH21750-COI-08-100_F_filt.fastq.gz,SH21750-COI-08-100,08_ALDcoral_100,alderdice_arms_08_100,Alderdice_08_100,Alderdice_coral,Alderdice,Alderdice_coral,Alderdice_deep1,19.68,36.51,82,20.74898104,2.5,-1.259244887,11.28571429,28.095,-92.00577,coral,100,51785,796,6.691481413,0.972212125,1.001778883,73.23911196,825.8508772,840.341464,primers.trimmed.1392.052.SH21750.COI.08.100_F_filt.fastq.gz,8,arms,08_ALDcoral,0.337864695,0.197913082,0.350568751,0.048853292,0.003409053,0.002819578,607.4360417,275.2269718,0.022482118,0.010904829
SH21751,primers.trimmed.1392.053.SH21751.COI.08.500_F_filt,primers-trimmed-1392-053-SH21751-COI-08-500_F_filt.fastq.gz,SH21751-COI-08-500,08_ALDcoral_500,alderdice_arms_08_500,Alderdice_08_500,Alderdice_coral,Alderdice,Alderdice_coral,Alderdice_deep1,19.68,36.51,82,20.74898104,2.5,-1.259244887,11.28571429,28.095,-92.00577,coral,500,52891,499,6.309956383,0.974768311,1.015669799,45.78894151,513.3333333,521.6814501,primers.trimmed.1392.053.SH21751.COI.08.500_F_filt.fastq.gz,8,arms,08_ALDcoral,0.337864695,0.197913082,0.350568751,0.048853292,0.003409053,0.002819578,607.4360417,275.2269718,0.022482118,0.010904829
SH21752,primers.trimmed.1392.054.SH21752.COI.09.100_F_filt,primers-trimmed-1392-054-SH21752-COI-09-100_F_filt.fastq.gz,SH21752-COI-09-100,09_ALDcoral_100,alderdice_arms_09_100,Alderdice_09_100,Alderdice_coral,Alderdice,Alderdice_coral,Alderdice_deep1,19.93,36.37,82,20.74898104,2.5,-1.259244887,11.28571429,28.095,-92.00577,coral,100,50708,670,5.827241172,0.944691597,0.895496001,61.75096399,715.0352941,720.315876,primers.trimmed.1392.054.SH21752.COI.09.100_F_filt.fastq.gz,9,arms,09_ALDcoral,0.337864695,0.197913082,0.350568751,0.048853292,0.003409053,0.002819578,607.4360417,275.2269718,0.022482118,0.010904829
SH21753,primers.trimmed.1392.055.SH21753.COI.09.500_F_filt,primers-trimmed-1392-055-SH21753-COI-09-500_F_filt.fastq.gz,SH21753-COI-09-500,09_ALDcoral_500,alderdice_arms_09_500,Alderdice_09_500,Alderdice_coral,Alderdice,Alderdice_coral,Alderdice_deep1,19.93,36.37,82,20.74898104,2.5,-1.259244887,11.28571429,28.095,-92.00577,coral,500,56829,511,6.140575357,0.968366764,0.984639423,46.58469328,544,553.5652075,primers.trimmed.1392.055.SH21753.COI.09.500_F_filt.fastq.gz,9,arms,09_ALDcoral,0.337864695,0.197913082,0.350568751,0.048853292,0.003409053,0.002819578,607.4360417,275.2269718,0.022482118,0.010904829
SH21709,primers.trimmed.1392.010.SH21709.COI.10.SESS_F_filt,primers-trimmed-1392-010-SH21709-COI-10-SESS_F_filt.fastq.gz,SH21709-COI-10-SESS,10_ALDback_SESSILE,alderdice_arms_10_sessile,Alderdice_10_sessile,Alderdice_background,Alderdice,Alderdice_background,Alderdice_deep2,20.16,36.48,82,20.667979,2.4,-1.268254255,11.71428571,28.09505,-92.00566,background,sessile,53749,679,5.859349628,0.948908733,0.898587652,62.24706197,701.1320755,715.7970122,primers.trimmed.1392.010.SH21709.COI.10.SESS_F_filt.fastq.gz,10,arms,10_ALDback,0.337864695,0.197913082,0.350568751,0.048853292,0.003409053,0.002819578,607.4360417,275.2269718,0.022482118,0.010904829
SH21710,primers.trimmed.1392.011.SH21710.COI.11.SESS_F_filt,primers-trimmed-1392-011-SH21710-COI-11-SESS_F_filt.fastq.gz,SH21710-COI-11-SESS,11_ALDback_SESSILE,alderdice_arms_11_sessile,Alderdice_11_sessile,Alderdice_background,Alderdice,Alderdice_background,Alderdice_deep2,20.04,36.39,82,20.667979,2.4,-1.268254255,11.71428571,28.09505,-92.00566,background,sessile,61127,725,6.063762412,0.948663378,0.920680895,65.69450328,744.4680851,753.2031654,primers.trimmed.1392.011.SH21710.COI.11.SESS_F_filt.fastq.gz,11,arms,11_ALDback,0.337864695,0.197913082,0.350568751,0.048853292,0.003409053,0.002819578,607.4360417,275.2269718,0.022482118,0.010904829
SH21711,primers.trimmed.1392.012.SH21711.COI.12.SESS_F_filt,primers-trimmed-1392-012-SH21711-COI-12-SESS_F_filt.fastq.gz,SH21711-COI-12-SESS,12_ALDback_SESSILE,alderdice_arms_12_sessile,Alderdice_12_sessile,Alderdice_background,Alderdice,Alderdice_background,Alderdice_deep2,20.07,36.45,82,20.667979,2.4,-1.268254255,11.71428571,28.09505,-92.00566,background,sessile,56153,715,6.151707491,0.957818403,0.936007765,65.28993668,756.4455446,770.0604942,primers.trimmed.1392.012.SH21711.COI.12.SESS_F_filt.fastq.gz,12,arms,12_ALDback,0.337864695,0.197913082,0.350568751,0.048853292,0.003409053,0.002819578,607.4360417,275.2269718,0.022482118,0.010904829
SH21754,primers.trimmed.1392.056.SH21754.COI.10.100_F_filt,primers-trimmed-1392-056-SH21754-COI-10-100_F_filt.fastq.gz,SH21754-COI-10-100,10_ALDback_100,alderdice_arms_10_100,Alderdice_10_100,Alderdice_background,Alderdice,Alderdice_background,Alderdice_deep2,20.16,36.48,82,20.667979,2.4,-1.268254255,11.71428571,28.09505,-92.00566,background,100,49260,849,6.537984897,0.965758736,0.969443582,78.48314535,878.0854701,888.7575074,primers.trimmed.1392.056.SH21754.COI.10.100_F_filt.fastq.gz,10,arms,10_ALDback,0.337864695,0.197913082,0.350568751,0.048853292,0.003409053,0.002819578,607.4360417,275.2269718,0.022482118,0.010904829
SH21755,primers.trimmed.1392.057.SH21755.COI.10.500_F_filt,primers-trimmed-1392-057-SH21755-COI-10-500_F_filt.fastq.gz,SH21755-COI-10-500,10_ALDback_500,alderdice_arms_10_500,Alderdice_10_500,Alderdice_background,Alderdice,Alderdice_background,Alderdice_deep2,20.16,36.48,82,20.667979,2.4,-1.268254255,11.71428571,28.09505,-92.00566,background,500,51730,517,5.940087772,0.955978419,0.95071175,47.54098335,547.0175439,551.4972895,primers.trimmed.1392.057.SH21755.COI.10.500_F_filt.fastq.gz,10,arms,10_ALDback,0.337864695,0.197913082,0.350568751,0.048853292,0.003409053,0.002819578,607.4360417,275.2269718,0.022482118,0.010904829
SH21756,primers.trimmed.1392.058.SH21756.COI.11.100_F_filt,primers-trimmed-1392-058-SH21756-COI-11-100_F_filt.fastq.gz,SH21756-COI-11-100,11_ALDback_100,alderdice_arms_11_100,Alderdice_11_100,Alderdice_background,Alderdice,Alderdice_background,Alderdice_deep2,20.04,36.39,82,20.667979,2.4,-1.268254255,11.71428571,28.09505,-92.00566,background,100,54196,909,6.11644395,0.930910122,0.897847051,83.29998288,941.1126761,959.3577439,primers.trimmed.1392.058.SH21756.COI.11.100_F_filt.fastq.gz,11,arms,11_ALDback,0.337864695,0.197913082,0.350568751,0.048853292,0.003409053,0.002819578,607.4360417,275.2269718,0.022482118,0.010904829
SH21757,primers.trimmed.1392.059.SH21757.COI.11.500_F_filt,primers-trimmed-1392-059-SH21757-COI-11-500_F_filt.fastq.gz,SH21757-COI-11-500,11_ALDback_500,alderdice_arms_11_500,Alderdice_11_500,Alderdice_background,Alderdice,Alderdice_background,Alderdice_deep2,20.04,36.39,82,20.667979,2.4,-1.268254255,11.71428571,28.09505,-92.00566,background,500,53451,428,5.629653101,0.95678624,0.929120092,39.22281643,444.2295082,453.6948951,primers.trimmed.1392.059.SH21757.COI.11.500_F_filt.fastq.gz,11,arms,11_ALDback,0.337864695,0.197913082,0.350568751,0.048853292,0.003409053,0.002819578,607.4360417,275.2269718,0.022482118,0.010904829
SH21758,primers.trimmed.1392.060.SH21758.COI.12.100_F_filt,primers-trimmed-1392-060-SH21758-COI-12-100_F_filt.fastq.gz,SH21758-COI-12-100,12_ALDback_100,alderdice_arms_12_100,Alderdice_12_100,Alderdice_background,Alderdice,Alderdice_background,Alderdice_deep2,20.07,36.45,82,20.667979,2.4,-1.268254255,11.71428571,28.09505,-92.00566,background,100,50210,743,5.80818592,0.937648463,0.878604292,68.55156057,765.5909091,776.3972062,primers.trimmed.1392.060.SH21758.COI.12.100_F_filt.fastq.gz,12,arms,12_ALDback,0.337864695,0.197913082,0.350568751,0.048853292,0.003409053,0.002819578,607.4360417,275.2269718,0.022482118,0.010904829
SH21759,primers.trimmed.1392.061.SH21759.COI.12.500_F_filt,primers-trimmed-1392-061-SH21759-COI-12-500_F_filt.fastq.gz,SH21759-COI-12-500,12_ALDback_500,alderdice_arms_12_500,Alderdice_12_500,Alderdice_background,Alderdice,Alderdice_background,Alderdice_deep2,20.07,36.45,82,20.667979,2.4,-1.268254255,11.71428571,28.09505,-92.00566,background,500,47678,472,5.601399889,0.954408583,0.909764334,43.72355614,492.625,505.4815504,primers.trimmed.1392.061.SH21759.COI.12.500_F_filt.fastq.gz,12,arms,12_ALDback,0.337864695,0.197913082,0.350568751,0.048853292,0.003409053,0.002819578,607.4360417,275.2269718,0.022482118,0.010904829
SH21714,primers.trimmed.1392.015.SH21714.COI.15.SESS_F_filt,primers-trimmed-1392-015-SH21714-COI-15-SESS_F_filt.fastq.gz,SH21714-COI-15-SESS,15_ALDshal_SESSILE,alderdice_arms_15_sessile,Alderdice_15_sessile,Alderdice_shallow,Alderdice,Alderdice_shallow,Alderdice_shallow,22.74,36.31,64,22.07338829,9.4,0.643101869,3.285714286,28.07689,-91.99263,shallow,sessile,58253,791,6.261325764,0.962976406,0.938265576,71.99784345,827.1132075,834.3791387,primers.trimmed.1392.015.SH21714.COI.15.SESS_F_filt.fastq.gz,15,arms,15_ALDshal,0.336908298,0.197052189,0.351977674,0.061679745,0.003401876,0.00283786,606.3402579,271.7147134,0.022469506,0.011131206
SH21764,primers.trimmed.1392.066.SH21764.COI.15.100_F_filt,primers-trimmed-1392-066-SH21764-COI-15-100_F_filt.fastq.gz,SH21764-COI-15-100,15_ALDshal_100,alderdice_arms_15_100,Alderdice_15_100,Alderdice_shallow,Alderdice,Alderdice_shallow,Alderdice_shallow,22.74,36.31,64,22.07338829,9.4,0.643101869,3.285714286,28.07689,-91.99263,shallow,100,61038,1131,7.282027107,0.982794441,1.035723897,102.5477964,1177.190789,1190.542316,primers.trimmed.1392.066.SH21764.COI.15.100_F_filt.fastq.gz,15,arms,15_ALDshal,0.336908298,0.197052189,0.351977674,0.061679745,0.003401876,0.00283786,606.3402579,271.7147134,0.022469506,0.011131206
SH21765,primers.trimmed.1392.067.SH21765.COI.15.500_F_filt,primers-trimmed-1392-067-SH21765-COI-15-500_F_filt.fastq.gz,SH21765-COI-15-500,15_ALDshal_500,alderdice_arms_15_500,Alderdice_15_500,Alderdice_shallow,Alderdice,Alderdice_shallow,Alderdice_shallow,22.74,36.31,64,22.07338829,9.4,0.643101869,3.285714286,28.07689,-91.99263,shallow,500,53932,579,5.448060737,0.918912656,0.856437932,53.04952499,603.5666667,620.1726313,primers.trimmed.1392.067.SH21765.COI.15.500_F_filt.fastq.gz,15,arms,15_ALDshal,0.336908298,0.197052189,0.351977674,0.061679745,0.003401876,0.00283786,606.3402579,271.7147134,0.022469506,0.011131206
SH21713,primers.trimmed.1392.014.SH21713.COI.14.SESS_F_filt,primers-trimmed-1392-014-SH21713-COI-14-SESS_F_filt.fastq.gz,SH21713-COI-14-SESS,14_ALDshal_SESSILE,alderdice_arms_14_sessile,Alderdice_14_sessile,Alderdice_shallow,Alderdice,Alderdice_shallow,Alderdice_shallow,22.67,36.33,65,22.07338829,9.4,0.643101869,3.285714286,28.07679,-91.99259,shallow,sessile,58035,802,6.097956495,0.95659848,0.911897332,73.02529779,839.248,855.551333,primers.trimmed.1392.014.SH21713.COI.14.SESS_F_filt.fastq.gz,14,arms,14_ALDshal,0.336908298,0.197052189,0.351977674,0.061679745,0.003401876,0.00283786,606.3402579,271.7147134,0.022469506,0.011131206
SH21762,primers.trimmed.1392.064.SH21762.COI.14.100_F_filt,primers-trimmed-1392-064-SH21762-COI-14-100_F_filt.fastq.gz,SH21762-COI-14-100,14_ALDshal_100,alderdice_arms_14_100,Alderdice_14_100,Alderdice_shallow,Alderdice,Alderdice_shallow,Alderdice_shallow,22.67,36.33,65,22.07338829,9.4,0.643101869,3.285714286,28.07679,-91.99259,shallow,100,48020,1082,6.900704155,0.959798266,0.987710372,100.2841272,1108.405556,1129.809882,primers.trimmed.1392.064.SH21762.COI.14.100_F_filt.fastq.gz,14,arms,14_ALDshal,0.336908298,0.197052189,0.351977674,0.061679745,0.003401876,0.00283786,606.3402579,271.7147134,0.022469506,0.011131206
SH21763,primers.trimmed.1392.065.SH21763.COI.14.500_F_filt,primers-trimmed-1392-065-SH21763-COI-14-500_F_filt.fastq.gz,SH21763-COI-14-500,14_ALDshal_500,alderdice_arms_14_500,Alderdice_14_500,Alderdice_shallow,Alderdice,Alderdice_shallow,Alderdice_shallow,22.67,36.33,65,22.07338829,9.4,0.643101869,3.285714286,28.07679,-91.99259,shallow,500,47940,663,6.386606651,0.973111061,0.983042611,61.42309228,679.6923077,694.5541304,primers.trimmed.1392.065.SH21763.COI.14.500_F_filt.fastq.gz,14,arms,14_ALDshal,0.336908298,0.197052189,0.351977674,0.061679745,0.003401876,0.00283786,606.3402579,271.7147134,0.022469506,0.011131206
SH21712,primers.trimmed.1392.013.SH21712.COI.13.SESS_F_filt,primers-trimmed-1392-013-SH21712-COI-13-SESS_F_filt.fastq.gz,SH21712-COI-13-SESS,13_ALDshal_SESSILE,alderdice_arms_13_sessile,Alderdice_13_sessile,Alderdice_shallow,Alderdice,Alderdice_shallow,Alderdice_shallow,22.67,36.31,66,22.07338829,9.4,0.643101869,3.285714286,28.07683,-91.99257,shallow,sessile,56160,802,5.824944562,0.934312249,0.871070728,73.24459829,830.2142857,840.480753,primers.trimmed.1392.013.SH21712.COI.13.SESS_F_filt.fastq.gz,13,arms,13_ALDshal,0.336908298,0.197052189,0.351977674,0.061679745,0.003401876,0.00283786,606.3402579,271.7147134,0.022469506,0.011131206
SH21760,primers.trimmed.1392.062.SH21760.COI.13.100_F_filt,primers-trimmed-1392-062-SH21760-COI-13-100_F_filt.fastq.gz,SH21760-COI-13-100,13_ALDshal_100,alderdice_arms_13_100,Alderdice_13_100,Alderdice_shallow,Alderdice,Alderdice_shallow,Alderdice_shallow,22.67,36.31,66,22.07338829,9.4,0.643101869,3.285714286,28.07683,-91.99257,shallow,100,45594,986,7.058266964,0.980619245,1.023878563,91.81981973,1024.220779,1042.509716,primers.trimmed.1392.062.SH21760.COI.13.100_F_filt.fastq.gz,13,arms,13_ALDshal,0.336908298,0.197052189,0.351977674,0.061679745,0.003401876,0.00283786,606.3402579,271.7147134,0.022469506,0.011131206
SH21761,primers.trimmed.1392.063.SH21761.COI.13.500_F_filt,primers-trimmed-1392-063-SH21761-COI-13-500_F_filt.fastq.gz,SH21761-COI-13-500,13_ALDshal_500,alderdice_arms_13_500,Alderdice_13_500,Alderdice_shallow,Alderdice,Alderdice_shallow,Alderdice_shallow,22.67,36.31,66,22.07338829,9.4,0.643101869,3.285714286,28.07683,-91.99257,shallow,500,47702,630,6.136086509,0.963750725,0.951962958,58.38817843,663.8446602,680.2144051,primers.trimmed.1392.063.SH21761.COI.13.500_F_filt.fastq.gz,13,arms,13_ALDshal,0.336908298,0.197052189,0.351977674,0.061679745,0.003401876,0.00283786,606.3402579,271.7147134,0.022469506,0.011131206
SH21703,primers.trimmed.1392.004.SH21703.COI.04.SESS_F_filt,primers-trimmed-1392-004-SH21703-COI-04-SESS_F_filt.fastq.gz,SH21703-COI-04-SESS,04_DIAcoral_SESSILE,diaphus_arms_04_sessile,Diaphus_04_sessile,Diaphus_coral,Diaphus,Diaphus_coral,Diaphus_deep1,21.32,35.4,81,20.9929086,6.8,-0.079022007,6.428571429,28.088209,-90.701406,coral,sessile,70065,685,5.614779915,0.946615931,0.859920317,61.30582119,718.2869565,736.3724676,primers.trimmed.1392.004.SH21703.COI.04.SESS_F_filt.fastq.gz,4,arms,04_DIAcoral,0.972071466,0.649046634,0.354330131,0.046937782,0.007821843,0.006290709,1130.930271,571.2333109,0.045245748,0.023652779
SH21704,primers.trimmed.1392.005.SH21704.COI.05.SESS_F_filt,primers-trimmed-1392-005-SH21704-COI-05-SESS_F_filt.fastq.gz,SH21704-COI-05-SESS,05_DIAcoral_SESSILE,diaphus_arms_05_sessile,Diaphus_05_sessile,Diaphus_coral,Diaphus,Diaphus_coral,Diaphus_deep1,20,35.24,81,20.9929086,6.8,-0.079022007,6.428571429,28.088209,-90.701406,coral,sessile,83871,616,5.142712411,0.92274769,0.800640617,54.24698698,647.3186813,661.6585151,primers.trimmed.1392.005.SH21704.COI.05.SESS_F_filt.fastq.gz,5,arms,05_DIAcoral,0.972071466,0.649046634,0.354330131,0.046937782,0.007821843,0.006290709,1130.930271,571.2333109,0.045245748,0.023652779
SH21705,primers.trimmed.1392.006.SH21705.COI.06.SESS_F_filt,primers-trimmed-1392-006-SH21705-COI-06-SESS_F_filt.fastq.gz,SH21705-COI-06-SESS,06_DIAcoral_SESSILE,diaphus_arms_06_sessile,Diaphus_06_sessile,Diaphus_coral,Diaphus,Diaphus_coral,Diaphus_deep1,20.94,35.38,81,20.9929086,6.8,-0.079022007,6.428571429,28.088209,-90.701406,coral,sessile,50578,593,5.728195476,0.95808703,0.897105886,54.65655384,630.3956044,645.7719383,primers.trimmed.1392.006.SH21705.COI.06.SESS_F_filt.fastq.gz,6,arms,06_DIAcoral,0.972071466,0.649046634,0.354330131,0.046937782,0.007821843,0.006290709,1130.930271,571.2333109,0.045245748,0.023652779
SH21742,primers.trimmed.1392.043.SH21742.COI.04.100_F_filt,primers-trimmed-1392-043-SH21742-COI-04-100_F_filt.fastq.gz,SH21742-COI-04-100,04_DIAcoral_100,diaphus_arms_04_100,Diaphus_04_100,Diaphus_coral,Diaphus,Diaphus_coral,Diaphus_deep1,21.32,35.4,81,20.9929086,6.8,-0.079022007,6.428571429,28.088209,-90.701406,coral,100,59276,796,6.723495107,0.974905079,1.00657164,72.33875426,829.4017857,845.0339944,primers.trimmed.1392.043.SH21742.COI.04.100_F_filt.fastq.gz,4,arms,04_DIAcoral,0.972071466,0.649046634,0.354330131,0.046937782,0.007821843,0.006290709,1130.930271,571.2333109,0.045245748,0.023652779
SH21743,primers.trimmed.1392.044.SH21743.COI.04.500_F_filt,primers-trimmed-1392-044-SH21743-COI-04-500_F_filt.fastq.gz,SH21743-COI-04-500,04_DIAcoral_500,diaphus_arms_04_500,Diaphus_04_500,Diaphus_coral,Diaphus,Diaphus_coral,Diaphus_deep1,21.32,35.4,81,20.9929086,6.8,-0.079022007,6.428571429,28.088209,-90.701406,coral,500,57466,613,6.027483312,0.959671305,0.939099502,55.84477253,640.7804878,649.4962209,primers.trimmed.1392.044.SH21743.COI.04.500_F_filt.fastq.gz,4,arms,04_DIAcoral,0.972071466,0.649046634,0.354330131,0.046937782,0.007821843,0.006290709,1130.930271,571.2333109,0.045245748,0.023652779
SH21744,primers.trimmed.1392.046.SH21744.COI.05.100_F_filt,primers-trimmed-1392-046-SH21744-COI-05-100_F_filt.fastq.gz,SH21744-COI-05-100,05_DIAcoral_100,diaphus_arms_05_100,Diaphus_05_100,Diaphus_coral,Diaphus,Diaphus_coral,Diaphus_deep1,20,35.24,81,20.9929086,6.8,-0.079022007,6.428571429,28.088209,-90.701406,coral,100,52883,944,6.722559836,0.963904394,0.981377521,86.70596867,988.8794326,1004.655362,primers.trimmed.1392.046.SH21744.COI.05.100_F_filt.fastq.gz,5,arms,05_DIAcoral,0.972071466,0.649046634,0.354330131,0.046937782,0.007821843,0.006290709,1130.930271,571.2333109,0.045245748,0.023652779
SH21745,primers.trimmed.1392.047.SH21745.COI.05.500_F_filt,primers-trimmed-1392-047-SH21745-COI-05-500_F_filt.fastq.gz,SH21745-COI-05-500,05_DIAcoral_500,diaphus_arms_05_500,Diaphus_05_500,Diaphus_coral,Diaphus,Diaphus_coral,Diaphus_deep1,20,35.24,81,20.9929086,6.8,-0.079022007,6.428571429,28.088209,-90.701406,coral,500,51254,556,6.291012511,0.974103109,0.995292379,51.17778553,591,598.6926804,primers.trimmed.1392.047.SH21745.COI.05.500_F_filt.fastq.gz,5,arms,05_DIAcoral,0.972071466,0.649046634,0.354330131,0.046937782,0.007821843,0.006290709,1130.930271,571.2333109,0.045245748,0.023652779
SH21746,primers.trimmed.1392.048.SH21746.COI.06.100_F_filt,primers-trimmed-1392-048-SH21746-COI-06-100_F_filt.fastq.gz,SH21746-COI-06-100,06_DIAcoral_100,diaphus_arms_06_100,Diaphus_06_100,Diaphus_coral,Diaphus,Diaphus_coral,Diaphus_deep1,20.94,35.38,81,20.9929086,6.8,-0.079022007,6.428571429,28.088209,-90.701406,coral,100,55342,697,6.568799521,0.973643571,1.003362583,63.72875055,739.5,746.4569412,primers.trimmed.1392.048.SH21746.COI.06.100_F_filt.fastq.gz,6,arms,06_DIAcoral,0.972071466,0.649046634,0.354330131,0.046937782,0.007821843,0.006290709,1130.930271,571.2333109,0.045245748,0.023652779
SH21747,primers.trimmed.1392.049.SH21747.COI.06.500_F_filt,primers-trimmed-1392-049-SH21747-COI-06-500_F_filt.fastq.gz,SH21747-COI-06-500,06_DIAcoral_500,diaphus_arms_06_500,Diaphus_06_500,Diaphus_coral,Diaphus,Diaphus_coral,Diaphus_deep1,20.94,35.38,81,20.9929086,6.8,-0.079022007,6.428571429,28.088209,-90.701406,coral,500,56311,471,5.866149644,0.962023743,0.95309259,42.96692985,515.5423729,519.9208665,primers.trimmed.1392.049.SH21747.COI.06.500_F_filt.fastq.gz,6,arms,06_DIAcoral,0.972071466,0.649046634,0.354330131,0.046937782,0.007821843,0.006290709,1130.930271,571.2333109,0.045245748,0.023652779
SH21700,primers.trimmed.1392.001.SH21700.COI.01.SESS_F_filt,primers-trimmed-1392-001-SH21700-COI-01-SESS_F_filt.fastq.gz,SH21700-COI-01-SESS,01_DIAback_SESSILE,diaphus_arms_01_sessile,Diaphus_01_sessile,Diaphus_background,Diaphus,Diaphus_background,Diaphus_deep2,20.73,35.5,82,20.9721062,7.3,0.059390634,5.285714286,28.088295,-90.701405,background,sessile,88471,715,5.899069011,0.962438411,0.897567774,62.68420017,737.697479,754.871303,primers.trimmed.1392.001.SH21700.COI.01.SESS_F_filt.fastq.gz,1,arms,01_DIAback,0.972071466,0.649046634,0.354330131,0.046937782,0.007821843,0.006290709,1130.930271,571.2333109,0.045245748,0.023652779
SH21701,primers.trimmed.1392.002.SH21701.COI.02.SESS_F_filt,primers-trimmed-1392-002-SH21701-COI-02-SESS_F_filt.fastq.gz,SH21701-COI-02-SESS,02_DIAback_SESSILE,diaphus_arms_02_sessile,Diaphus_02_sessile,Diaphus_background,Diaphus,Diaphus_background,Diaphus_deep2,20.72,35.5,82,20.9721062,7.3,0.059390634,5.285714286,28.088295,-90.701405,background,sessile,67247,682,6.121560565,0.964577116,0.938165937,61.26234055,730.1149425,737.2174246,primers.trimmed.1392.002.SH21701.COI.02.SESS_F_filt.fastq.gz,2,arms,02_DIAback,0.972071466,0.649046634,0.354330131,0.046937782,0.007821843,0.006290709,1130.930271,571.2333109,0.045245748,0.023652779
SH21702,primers.trimmed.1392.003.SH21702.COI.03.SESS_F_filt,primers-trimmed-1392-003-SH21702-COI-03-SESS_F_filt.fastq.gz,SH21702-COI-03-SESS,03_DIAback_SESSILE,diaphus_arms_03_sessile,Diaphus_03_sessile,Diaphus_background,Diaphus,Diaphus_background,Diaphus_deep2,20.72,35.49,82,20.9721062,7.3,0.059390634,5.285714286,28.088295,-90.701405,background,sessile,78903,823,5.793481461,0.952378812,0.863029832,72.89835552,854.7857143,871.3859585,primers.trimmed.1392.003.SH21702.COI.03.SESS_F_filt.fastq.gz,3,arms,03_DIAback,0.972071466,0.649046634,0.354330131,0.046937782,0.007821843,0.006290709,1130.930271,571.2333109,0.045245748,0.023652779
SH21736,primers.trimmed.1392.037.SH21736.COI.01.100_F_filt,primers-trimmed-1392-037-SH21736-COI-01-100_F_filt.fastq.gz,SH21736-COI-01-100,01_DIAback_100,diaphus_arms_01_100,Diaphus_01_100,Diaphus_background,Diaphus,Diaphus_background,Diaphus_deep2,20.73,35.5,82,20.9721062,7.3,0.059390634,5.285714286,28.088295,-90.701405,background,100,51799,720,6.488905583,0.973882267,0.986268099,66.23598767,754.4680851,763.2791101,primers.trimmed.1392.037.SH21736.COI.01.100_F_filt.fastq.gz,1,arms,01_DIAback,0.972071466,0.649046634,0.354330131,0.046937782,0.007821843,0.006290709,1130.930271,571.2333109,0.045245748,0.023652779
SH21737,primers.trimmed.1392.038.SH21737.COI.01.500_F_filt,primers-trimmed-1392-038-SH21737-COI-01-500_F_filt.fastq.gz,SH21737-COI-01-500,01_DIAback_500,diaphus_arms_01_500,Diaphus_01_500,Diaphus_background,Diaphus,Diaphus_background,Diaphus_deep2,20.73,35.5,82,20.9721062,7.3,0.059390634,5.285714286,28.088295,-90.701405,background,500,50884,443,5.767217696,0.952979688,0.946443204,40.78505205,463.2040816,468.3440501,primers.trimmed.1392.038.SH21737.COI.01.500_F_filt.fastq.gz,1,arms,01_DIAback,0.972071466,0.649046634,0.354330131,0.046937782,0.007821843,0.006290709,1130.930271,571.2333109,0.045245748,0.023652779
SH21738,primers.trimmed.1392.039.SH21738.COI.02.100_F_filt,primers-trimmed-1392-039-SH21738-COI-02-100_F_filt.fastq.gz,SH21738-COI-02-100,02_DIAback_100,diaphus_arms_02_100,Diaphus_02_100,Diaphus_background,Diaphus,Diaphus_background,Diaphus_deep2,20.72,35.5,82,20.9721062,7.3,0.059390634,5.285714286,28.088295,-90.701405,background,100,52547,827,6.98613614,0.978255184,1.039943323,75.99271263,876,883.0527353,primers.trimmed.1392.039.SH21738.COI.02.100_F_filt.fastq.gz,2,arms,02_DIAback,0.972071466,0.649046634,0.354330131,0.046937782,0.007821843,0.006290709,1130.930271,571.2333109,0.045245748,0.023652779
SH21739,primers.trimmed.1392.040.SH21739.COI.02.500_F_filt,primers-trimmed-1392-040-SH21739-COI-02-500_F_filt.fastq.gz,SH21739-COI-02-500,02_DIAback_500,diaphus_arms_02_500,Diaphus_02_500,Diaphus_background,Diaphus,Diaphus_background,Diaphus_deep2,20.72,35.5,82,20.9721062,7.3,0.059390634,5.285714286,28.088295,-90.701405,background,500,56087,380,5.460506785,0.9579481,0.919250734,34.66043051,400.0666667,405.6357128,primers.trimmed.1392.040.SH21739.COI.02.500_F_filt.fastq.gz,2,arms,02_DIAback,0.972071466,0.649046634,0.354330131,0.046937782,0.007821843,0.006290709,1130.930271,571.2333109,0.045245748,0.023652779
SH21740,primers.trimmed.1392.041.SH21740.COI.03.100_F_filt,primers-trimmed-1392-041-SH21740-COI-03-100_F_filt.fastq.gz,SH21740-COI-03-100,03_DIAback_100,diaphus_arms_03_100,Diaphus_03_100,Diaphus_background,Diaphus,Diaphus_background,Diaphus_deep2,20.72,35.49,82,20.9721062,7.3,0.059390634,5.285714286,28.088295,-90.701405,background,100,72173,889,6.70234843,0.971810736,0.987076944,79.37911733,921.9279279,932.1185672,primers.trimmed.1392.041.SH21740.COI.03.100_F_filt.fastq.gz,3,arms,03_DIAback,0.972071466,0.649046634,0.354330131,0.046937782,0.007821843,0.006290709,1130.930271,571.2333109,0.045245748,0.023652779
SH21741,primers.trimmed.1392.042.SH21741.COI.03.500_F_filt,primers-trimmed-1392-042-SH21741-COI-03-500_F_filt.fastq.gz,SH21741-COI-03-500,03_DIAback_500,diaphus_arms_03_500,Diaphus_03_500,Diaphus_background,Diaphus,Diaphus_background,Diaphus_deep2,20.72,35.49,82,20.9721062,7.3,0.059390634,5.285714286,28.088295,-90.701405,background,500,62189,618,6.322920669,0.971244329,0.983884233,55.89814477,644.88,651.0929823,primers.trimmed.1392.042.SH21741.COI.03.500_F_filt.fastq.gz,3,arms,03_DIAback,0.972071466,0.649046634,0.354330131,0.046937782,0.007821843,0.006290709,1130.930271,571.2333109,0.045245748,0.023652779