"","fileID0_COI","fileID_COI","fileID0_18S","fileID_18S","fullsample_ID","sample_id_r","sampCode","armsCode","siteType","site","sitelocality0","sitelocality","temp","salinity","depth","temp_mean","turbidity_m","turbidity_std_indv","turbidity_std_rank","latitude","longitude","locality","fraction","fileID_normalized","arms","type","core_value","CHL_OM","CHL_OSD","SPM_OM","SPM_OSD","BBP_OM","BBP_OSD","PP_mean","PP_sd","CDM_OM","CDM_OSD","relativeAbundance","numberASVs","Shannon","Simpson","Pielou","Margalef","Jaccard_mean_dissim","Chao1","ACE","ARMS_ID","ARMS_ID_corrected"
"SH21727","primers.trimmed.1392.028.SH21727.COI.28.SESS_F_filt","primers-trimmed-1392-028-SH21727-COI-28-SESS_F_filt.fastq.gz","primers.trimmed.1392.028.SH21727.18S.28.SESS","primers-trimmed-1392-028-SH21727-18S-28-SESS","SH21727-COI-28-SESS","28b_STE_SESSILE","stetson_arms_28b_sessile","Stetson_28b_sessile","Stetson_coral","Stetson","Stetson_coral","Stetson_shallow","22.95","36.25",54,22.143352,3.1,-0.998676079,11.28571429,28.15685,-94.30297,"coral","sessile","primers.trimmed.1392.028.SH21727.COI.28.SESS_F_filt.fastq.gz","28b","arms","28_STE",0.147437619,0.046237678,0.349222204,0.048197993,0.001270886,0.000231884,378.0407235,67.76436582,0.010061002,0.004386475,17869,239,5.20555266235561,0.92853860309014,0.632970768803156,30.4366661258033,0.918406228362899,254.833333333333,246.878075311902,"28b","28"
"SH21728","primers.trimmed.1392.029.SH21728.COI.29.SESS_F_filt","primers-trimmed-1392-029-SH21728-COI-29-SESS_F_filt.fastq.gz","primers.trimmed.1392.029.SH21728.18S.29.SESS","primers-trimmed-1392-029-SH21728-18S-29-SESS","SH21728-COI-29-SESS","29b_STE_SESSILE","stetson_arms_29b_sessile","Stetson_29b_sessile","Stetson_coral","Stetson","Stetson_coral","Stetson_shallow","22.07","36.26",54,22.143352,3.1,-0.998676079,11.28571429,28.15685,-94.30297,"coral","sessile","primers.trimmed.1392.029.SH21728.COI.29.SESS_F_filt.fastq.gz","29b","arms","19_STE",0.147437619,0.046237678,0.349222204,0.048197993,0.001270886,0.000231884,378.0407235,67.76436582,0.010061002,0.004386475,17869,213,5.23106520242837,0.944433083348544,0.623635481959206,34.113578812142,0.913728751218093,215,216.306275548054,"29b","29"
"SH21729","primers.trimmed.1392.030.SH21729.COI.30.SESS_F_filt","primers-trimmed-1392-030-SH21729-COI-30-SESS_F_filt.fastq.gz","primers.trimmed.1392.030.SH21729.18S.30.SESS","primers-trimmed-1392-030-SH21729-18S-30-SESS","SH21729-COI-30-SESS","30_STE_SESSILE","stetson_arms_30_sessile","Stetson_30_sessile","Stetson_coral","Stetson","Stetson_coral","Stetson_shallow","23.13","36.19",54,22.143352,3.1,-0.998676079,11.28571429,28.15685,-94.30297,"coral","sessile","primers.trimmed.1392.030.SH21729.COI.30.SESS_F_filt.fastq.gz","30","arms","30_STE",0.147437619,0.046237678,0.349222204,0.048197993,0.001270886,0.000231884,378.0407235,67.76436582,0.010061002,0.004386475,17869,246,5.20007021178469,0.938856980855137,0.629747604308846,31.1516213703692,0.919432390039044,253.772727272727,253.905188887271,"30","30"
"SH21793","primers.trimmed.1392.095.SH21793.COI.28.100_F_filt","primers-trimmed-1392-095-SH21793-COI-28-100_F_filt.fastq.gz","primers.trimmed.1392.095.SH21793.18S.28.100","primers-trimmed-1392-095-SH21793-18S-28-100","SH21793-COI-28-100","28_STE_100","stetson_arms_28_100","Stetson_28_100","Stetson_coral","Stetson","Stetson_coral","Stetson_shallow","22.95","36.25",54,22.143352,3.1,-0.998676079,11.28571429,28.15685,-94.30297,"coral","100","primers.trimmed.1392.095.SH21793.COI.28.100_F_filt.fastq.gz","28","arms","28_STE",0.147437619,0.046237678,0.349222204,0.048197993,0.001270886,0.000231884,378.0407235,67.76436582,0.010061002,0.004386475,17869,370,6.28292998255405,0.954625943248606,0.751371948025847,33.5007600310856,0.906750726871297,376.576923076923,376.802565332744,"28","28"
"SH21794","primers.trimmed.1392.097.SH21794.COI.28.500_F_filt","primers-trimmed-1392-097-SH21794-COI-28-500_F_filt.fastq.gz","primers.trimmed.1392.097.SH21794.18S.28.500","primers-trimmed-1392-097-SH21794-18S-28-500","SH21794-COI-28-500","28_STE_500","stetson_arms_28_500","Stetson_28_500","Stetson_coral","Stetson","Stetson_coral","Stetson_shallow","22.95","36.25",54,22.143352,3.1,-0.998676079,11.28571429,28.15685,-94.30297,"coral","500","primers.trimmed.1392.097.SH21794.COI.28.500_F_filt.fastq.gz","28","arms","28_STE",0.147437619,0.046237678,0.349222204,0.048197993,0.001270886,0.000231884,378.0407235,67.76436582,0.010061002,0.004386475,17869,137,4.28152906487744,0.882141377494083,0.522158555222475,29.9259838082563,0.914938409340418,138.909090909091,139.85331256805,"28","28"
"SH21795","primers.trimmed.1392.098.SH21795.COI.29.100_F_filt","primers-trimmed-1392-098-SH21795-COI-29-100_F_filt.fastq.gz","primers.trimmed.1392.098.SH21795.18S.29.100","primers-trimmed-1392-098-SH21795-18S-29-100","SH21795-COI-29-100","29_STE_100","stetson_arms_29_100","Stetson_29_100","Stetson_coral","Stetson","Stetson_coral","Stetson_shallow","22.07","36.26",54,22.143352,3.1,-0.998676079,11.28571429,28.15685,-94.30297,"coral","100","primers.trimmed.1392.098.SH21795.COI.29.100_F_filt.fastq.gz","29","arms","19_STE",0.147437619,0.046237678,0.349222204,0.048197993,0.001270886,0.000231884,378.0407235,67.76436582,0.010061002,0.004386475,17869,438,6.67250690169455,0.969705506332312,0.831164055053152,26.5554805124459,0.91002596542099,471.115384615385,457.908698902608,"29","29"
"SH21796","primers.trimmed.1392.099.SH21796.COI.29.100b_F_filt","primers-trimmed-1392-099-SH21796-COI-29-100b_F_filt.fastq.gz","primers.trimmed.1392.099.SH21796.18S.29.100b","primers-trimmed-1392-099-SH21796-18S-29-100b","SH21796-COI-29-100b","29b_STE_100","stetson_arms_29b_100","Stetson_29b_100","Stetson_coral","Stetson","Stetson_coral","Stetson_shallow","22.07","36.26",54,22.143352,3.1,-0.998676079,11.28571429,28.15685,-94.30297,"coral","100","primers.trimmed.1392.099.SH21796.COI.29.100b_F_filt.fastq.gz","29b","arms","19_STE",0.147437619,0.046237678,0.349222204,0.048197993,0.001270886,0.000231884,378.0407235,67.76436582,0.010061002,0.004386475,17869,457,6.92437077670735,0.975781130968077,0.870530535896537,25.2277064868236,0.916329321975191,465.775,467.469483019541,"29b","29"
"SH21797","primers.trimmed.1392.100.SH21797.COI.29.500_F_filt","primers-trimmed-1392-100-SH21797-COI-29-500_F_filt.fastq.gz","primers.trimmed.1392.100.SH21797.18S.29.500","primers-trimmed-1392-100-SH21797-18S-29-500","SH21797-COI-29-500","29_STE_500","stetson_arms_29_500","Stetson_29_500","Stetson_coral","Stetson","Stetson_coral","Stetson_shallow","22.07","36.26",54,22.143352,3.1,-0.998676079,11.28571429,28.15685,-94.30297,"coral","500","primers.trimmed.1392.100.SH21797.COI.29.500_F_filt.fastq.gz","29","arms","19_STE",0.147437619,0.046237678,0.349222204,0.048197993,0.001270886,0.000231884,378.0407235,67.76436582,0.010061002,0.004386475,17869,175,5.6611527774125,0.964256913553784,0.727527448393491,22.3678855085602,0.915593685967741,179,178.333501201052,"29","29"
"SH21798","primers.trimmed.1392.101.SH21798.COI.30.100_F_filt","primers-trimmed-1392-101-SH21798-COI-30-100_F_filt.fastq.gz","primers.trimmed.1392.101.SH21798.18S.30.100","primers-trimmed-1392-101-SH21798-18S-30-100","SH21798-COI-30-100","30_STE_100","stetson_arms_30_100","Stetson_30_100","Stetson_coral","Stetson","Stetson_coral","Stetson_shallow","23.13","36.19",54,22.143352,3.1,-0.998676079,11.28571429,28.15685,-94.30297,"coral","100","primers.trimmed.1392.101.SH21798.COI.30.100_F_filt.fastq.gz","30","arms","30_STE",0.147437619,0.046237678,0.349222204,0.048197993,0.001270886,0.000231884,378.0407235,67.76436582,0.010061002,0.004386475,17869,458,7.1891486241364,0.98588604881396,0.889509533584662,27.5768451475399,0.90575764937184,469.8125,468.358520157771,"30","30"
"SH21799","primers.trimmed.1392.102.SH21799.COI.30.100b_F_filt","primers-trimmed-1392-102-SH21799-COI-30-100b_F_filt.fastq.gz","primers.trimmed.1392.102.SH21799.18S.30.100b","primers-trimmed-1392-102-SH21799-18S-30-100b","SH21799-COI-30-100b","30b_STE_100","stetson_arms_30b_100","Stetson_30b_100","Stetson_coral","Stetson","Stetson_coral","Stetson_shallow","23.13","36.19",54,22.143352,3.1,-0.998676079,11.28571429,28.15685,-94.30297,"coral","100","primers.trimmed.1392.102.SH21799.COI.30.100b_F_filt.fastq.gz","30b","arms","30_STE",0.147437619,0.046237678,0.349222204,0.048197993,0.001270886,0.000231884,378.0407235,67.76436582,0.010061002,0.004386475,17869,434,6.9686952935062,0.972619457528374,0.859983682952985,27.9853910015776,0.906600606490798,444.714285714286,443.442728578171,"30b","30"
"SH21800","primers.trimmed.1392.103.SH21800.COI.30.500_F_filt","primers-trimmed-1392-103-SH21800-COI-30-500_F_filt.fastq.gz","primers.trimmed.1392.103.SH21800.18S.30.500","primers-trimmed-1392-103-SH21800-18S-30-500","SH21800-COI-30-500","30_STE_500","stetson_arms_30_500","Stetson_30_500","Stetson_coral","Stetson","Stetson_coral","Stetson_shallow","23.13","36.19",54,22.143352,3.1,-0.998676079,11.28571429,28.15685,-94.30297,"coral","500","primers.trimmed.1392.103.SH21800.COI.30.500_F_filt.fastq.gz","30","arms","30_STE",0.147437619,0.046237678,0.349222204,0.048197993,0.001270886,0.000231884,378.0407235,67.76436582,0.010061002,0.004386475,17869,212,4.92363104842788,0.907915752927688,0.621759828513268,24.6148877057671,0.911901930607931,220.5,220.703175952529,"30","30"
"SH21801","primers.trimmed.1392.104.SH21801.COI.30.500b_F_filt","primers-trimmed-1392-104-SH21801-COI-30-500b_F_filt.fastq.gz","primers.trimmed.1392.104.SH21801.18S.30.500b","primers-trimmed-1392-104-SH21801-18S-30-500b","SH21801-COI-30-500b","30b_STE_500","stetson_arms_30b_500","Stetson_30b_500","Stetson_coral","Stetson","Stetson_coral","Stetson_shallow","23.13","36.19",54,22.143352,3.1,-0.998676079,11.28571429,28.15685,-94.30297,"coral","500","primers.trimmed.1392.104.SH21801.COI.30.500b_F_filt.fastq.gz","30b","arms","30_STE",0.147437619,0.046237678,0.349222204,0.048197993,0.001270886,0.000231884,378.0407235,67.76436582,0.010061002,0.004386475,17869,194,5.52939957133777,0.961129903314069,0.721351240320886,20.6315656289003,0.911352968237479,202.5,202.492689129053,"30b","30"
"SH21733","primers.trimmed.1392.034.SH21733.COI.34.SESS_F_filt","primers-trimmed-1392-034-SH21733-COI-34-SESS_F_filt.fastq.gz","primers.trimmed.1392.034.SH21733.18S.34.SESS","primers-trimmed-1392-034-SH21733-18S-34-SESS","SH21733-COI-34-SESS","34_EFGdeep_SESSILE","efgb_arms_34_sessile","EFGB_34_sessile","EFGB_deep","EFGB","EFGB_deep","EFGB_deep","21.42","35.99",81,20.7629044,7.2,0.080470995,5.857142857,27.89072,-93.62013,"deep","sessile","primers.trimmed.1392.034.SH21733.COI.34.SESS_F_filt.fastq.gz","34","arms","34_EFGdeep",0.158665243,0.052180641,0.352614933,0.067819301,0.001283959,0.000272775,395.8950762,105.0385937,0.011034233,0.004941442,17869,274,4.6210063174194,0.827098877977459,0.562555002972532,30.2323931987845,0.850394813994602,283.035714285714,283.843808957342,"34","34"
"SH21734","primers.trimmed.1392.035.SH21734.COI.35.SESS_F_filt","primers-trimmed-1392-035-SH21734-COI-35-SESS_F_filt.fastq.gz","primers.trimmed.1392.035.SH21734.18S.35.SESS","primers-trimmed-1392-035-SH21734-18S-35-SESS","SH21734-COI-35-SESS","35_EFGdeep_SESSILE","efgb_arms_35_sessile","EFGB_35_sessile","EFGB_deep","EFGB","EFGB_deep","EFGB_deep","20.98","36.23",81,20.7629044,7.2,0.080470995,5.857142857,27.89072,-93.62013,"deep","sessile","primers.trimmed.1392.035.SH21734.COI.35.SESS_F_filt.fastq.gz","35","arms","35_EFGdeep",0.158665243,0.052180641,0.352614933,0.067819301,0.001283959,0.000272775,395.8950762,105.0385937,0.011034233,0.004941442,17869,273,4.99109813838453,0.909993302529833,0.6068941053409,30.4366661258033,0.84745669110646,296.882352941176,286.22790074668,"35","35"
"SH21735","primers.trimmed.1392.036.SH21735.COI.36.SESS_F_filt","primers-trimmed-1392-036-SH21735-COI-36-SESS_F_filt.fastq.gz","primers.trimmed.1392.036.SH21735.18S.36.SESS","primers-trimmed-1392-036-SH21735-18S-36-SESS","SH21735-COI-36-SESS","36_EFGdeep_SESSILE","efgb_arms_36_sessile","EFGB_36_sessile","EFGB_deep","EFGB","EFGB_deep","EFGB_deep","21.12","36.19",81,20.7629044,7.2,0.080470995,5.857142857,27.89072,-93.62013,"deep","sessile","primers.trimmed.1392.036.SH21735.COI.36.SESS_F_filt.fastq.gz","36","arms","36_EFGdeep",0.158665243,0.052180641,0.352614933,0.067819301,0.001283959,0.000272775,395.8950762,105.0385937,0.011034233,0.004941442,17869,237,4.18197553020529,0.821503157641196,0.510630661272332,29.7217108812375,0.863854769869976,260.882352941176,251.814111969976,"36","36"
"SH21808","primers.trimmed.1392.111.SH21808.COI.34.100_F_filt","primers-trimmed-1392-111-SH21808-COI-34-100_F_filt.fastq.gz","primers.trimmed.1392.111.SH21808.18S.34.100","primers-trimmed-1392-111-SH21808-18S-34-100","SH21808-COI-34-100","34_EFGdeep_100","efgb_arms_34_100","EFGB_34_100","EFGB_deep","EFGB","EFGB_deep","EFGB_deep","21.42","35.99",81,20.7629044,7.2,0.080470995,5.857142857,27.89072,-93.62013,"deep","100","primers.trimmed.1392.111.SH21808.COI.34.100_F_filt.fastq.gz","34","arms","34_EFGdeep",0.158665243,0.052180641,0.352614933,0.067819301,0.001283959,0.000272775,395.8950762,105.0385937,0.011034233,0.004941442,17869,302,3.32756620239425,0.570328029593353,0.424819727632685,23.1849772166354,0.85706941716014,310.724137931034,310.574503330745,"34","34"
"SH21809","primers.trimmed.1392.112.SH21809.COI.34.500_F_filt","primers-trimmed-1392-112-SH21809-COI-34-500_F_filt.fastq.gz","primers.trimmed.1392.112.SH21809.18S.34.500","primers-trimmed-1392-112-SH21809-18S-34-500","SH21809-COI-34-500","34_EFGdeep_500","efgb_arms_34_500","EFGB_34_500","EFGB_deep","EFGB","EFGB_deep","EFGB_deep","21.42","35.99",81,20.7629044,7.2,0.080470995,5.857142857,27.89072,-93.62013,"deep","500","primers.trimmed.1392.112.SH21809.COI.34.500_F_filt.fastq.gz","34","arms","34_EFGdeep",0.158665243,0.052180641,0.352614933,0.067819301,0.001283959,0.000272775,395.8950762,105.0385937,0.011034233,0.004941442,17869,159,5.13290802449228,0.9411374235498,0.661325020059899,22.061476118032,0.869342820954936,162.5,162.055027860679,"34","34"
"SH21810","primers.trimmed.1392.113.SH21810.COI.35.100_F_filt","primers-trimmed-1392-113-SH21810-COI-35-100_F_filt.fastq.gz","primers.trimmed.1392.113.SH21810.18S.35.100","primers-trimmed-1392-113-SH21810-18S-35-100","SH21810-COI-35-100","35_EFGdeep_100","efgb_arms_35_100","EFGB_35_100","EFGB_deep","EFGB","EFGB_deep","EFGB_deep","20.98","36.23",81,20.7629044,7.2,0.080470995,5.857142857,27.89072,-93.62013,"deep","100","primers.trimmed.1392.113.SH21810.COI.35.100_F_filt.fastq.gz","35","arms","35_EFGdeep",0.158665243,0.052180641,0.352614933,0.067819301,0.001283959,0.000272775,395.8950762,105.0385937,0.011034233,0.004941442,17869,381,6.65832880184241,0.974524185961228,0.80452256101892,31.5601672244068,0.839473299732716,388,388.894037451524,"35","35"
"SH21811","primers.trimmed.1392.114.SH21811.COI.35.500_F_filt","primers-trimmed-1392-114-SH21811-COI-35-500_F_filt.fastq.gz","primers.trimmed.1392.114.SH21811.18S.35.500","primers-trimmed-1392-114-SH21811-18S-35-500","SH21811-COI-35-500","35_EFGdeep_500","efgb_arms_35_500","EFGB_35_500","EFGB_deep","EFGB","EFGB_deep","EFGB_deep","20.98","36.23",81,20.7629044,7.2,0.080470995,5.857142857,27.89072,-93.62013,"deep","500","primers.trimmed.1392.114.SH21811.COI.35.500_F_filt.fastq.gz","35","arms","35_EFGdeep",0.158665243,0.052180641,0.352614933,0.067819301,0.001283959,0.000272775,395.8950762,105.0385937,0.011034233,0.004941442,17869,197,5.2812175333935,0.943924710627657,0.672083266257347,23.5935230706731,0.858169591570362,203.428571428571,200.091568223506,"35","35"
"SH21812","primers.trimmed.1392.115.SH21812.COI.36.100_F_filt","primers-trimmed-1392-115-SH21812-COI-36-100_F_filt.fastq.gz","primers.trimmed.1392.115.SH21812.18S.36.100","primers-trimmed-1392-115-SH21812-18S-36-100","SH21812-COI-36-100","36_EFGdeep_100","efgb_arms_36_100","EFGB_36_100","EFGB_deep","EFGB","EFGB_deep","EFGB_deep","21.12","36.19",81,20.7629044,7.2,0.080470995,5.857142857,27.89072,-93.62013,"deep","100","primers.trimmed.1392.115.SH21812.COI.36.100_F_filt.fastq.gz","36","arms","36_EFGdeep",0.158665243,0.052180641,0.352614933,0.067819301,0.001283959,0.000272775,395.8950762,105.0385937,0.011034233,0.004941442,17869,352,5.59899666929788,0.928709250762793,0.80785007375084,12.3585120846383,0.843139453297454,365.315789473684,359.998455393854,"36","36"
"SH21813","primers.trimmed.1392.116.SH21813.COI.36.500_F_filt","primers-trimmed-1392-116-SH21813-COI-36-500_F_filt.fastq.gz","primers.trimmed.1392.116.SH21813.18S.36.500","primers-trimmed-1392-116-SH21813-18S-36-500","SH21813-COI-36-500","36_EFGdeep_500","efgb_arms_36_500","EFGB_36_500","EFGB_deep","EFGB","EFGB_deep","EFGB_deep","21.12","36.19",81,20.7629044,7.2,0.080470995,5.857142857,27.89072,-93.62013,"deep","500","primers.trimmed.1392.116.SH21813.COI.36.500_F_filt.fastq.gz","36","arms","36_EFGdeep",0.158665243,0.052180641,0.352614933,0.067819301,0.001283959,0.000272775,395.8950762,105.0385937,0.011034233,0.004941442,17869,186,5.27386677977655,0.934141457756867,0.665987859842322,24.6148877057671,0.867847711628935,193.583333333333,192.584850867261,"36","36"
"SH21732","primers.trimmed.1392.033.SH21732.COI.33.SESS_F_filt","primers-trimmed-1392-033-SH21732-COI-33-SESS_F_filt.fastq.gz","primers.trimmed.1392.033.SH21732.18S.33.SESS","primers-trimmed-1392-033-SH21732-18S-33-SESS","SH21732-COI-33-SESS","33_EFGshal_SESSILE","efgb_arms_33_sessile","EFGB_33_sessile","EFGB_shallow","EFGB","EFGB_shallow","EFGB_shallow","23.1","36.25",55,22.5535989,14,1.333492378,2.428571429,27.900074,-93.609648,"shallow","sessile","primers.trimmed.1392.033.SH21732.COI.33.SESS_F_filt.fastq.gz","33","arms","33_EFGshal",0.158665243,0.052180641,0.348420121,0.052687432,0.001283959,0.000272775,395.8950762,105.0385937,0.011034233,0.004941442,17869,284,4.60559140738948,0.83987916348353,0.566185152595296,28.598209782634,0.908850957279758,302,296.801158832801,"33","33"
"SH21806","primers.trimmed.1392.109.SH21806.COI.33.100_F_filt","primers-trimmed-1392-109-SH21806-COI-33-100_F_filt.fastq.gz","primers.trimmed.1392.109.SH21806.18S.33.100","primers-trimmed-1392-109-SH21806-18S-33-100","SH21806-COI-33-100","33_EFGshal_100","efgb_arms_33_100","EFGB_33_100","EFGB_shallow","EFGB","EFGB_shallow","EFGB_shallow","23.1","36.25",55,22.5535989,14,1.333492378,2.428571429,27.900074,-93.609648,"shallow","100","primers.trimmed.1392.109.SH21806.COI.33.100_F_filt.fastq.gz","33","arms","33_EFGshal",0.158665243,0.052180641,0.348420121,0.052687432,0.001283959,0.000272775,395.8950762,105.0385937,0.011034233,0.004941442,17869,359,6.44976534364812,0.962905506002842,0.837584031526594,21.1422479464473,0.900872217372946,375.235294117647,367.960283223975,"33","33"
"SH21807","primers.trimmed.1392.110.SH21807.COI.33.500_F_filt","primers-trimmed-1392-110-SH21807-COI-33-500_F_filt.fastq.gz","primers.trimmed.1392.110.SH21807.18S.33.500","primers-trimmed-1392-110-SH21807-18S-33-500","SH21807-COI-33-500","33_EFGshal_500","efgb_arms_33_500","EFGB_33_500","EFGB_shallow","EFGB","EFGB_shallow","EFGB_shallow","23.1","36.25",55,22.5535989,14,1.333492378,2.428571429,27.900074,-93.609648,"shallow","500","primers.trimmed.1392.110.SH21807.COI.33.500_F_filt.fastq.gz","33","arms","33_EFGshal",0.158665243,0.052180641,0.348420121,0.052687432,0.001283959,0.000272775,395.8950762,105.0385937,0.011034233,0.004941442,17869,171,4.63234168142187,0.902522850519795,0.551411517872219,34.4199882026702,0.9118809173863,186.111111111111,178.736144630753,"33","33"
"SH21731","primers.trimmed.1392.032.SH21731.COI.32.SESS_F_filt","primers-trimmed-1392-032-SH21731-COI-32-SESS_F_filt.fastq.gz","primers.trimmed.1392.032.SH21731.18S.32.SESS","primers-trimmed-1392-032-SH21731-18S-32-SESS","SH21731-COI-32-SESS","32_EFGshal_SESSILE","efgb_arms_32_sessile","EFGB_32_sessile","EFGB_shallow","EFGB","EFGB_shallow","EFGB_shallow","na","na",55,22.5535989,14,1.333492378,2.428571429,27.899992,-93.609618,"shallow","sessile","primers.trimmed.1392.032.SH21731.COI.32.SESS_F_filt.fastq.gz","32","arms","32_EFGshal",0.158665243,0.052180641,0.348420121,0.052687432,0.001283959,0.000272775,395.8950762,105.0385937,0.011034233,0.004941442,17869,212,3.80159109044658,0.832763279554752,0.502706852966056,19.2016551397686,0.925876416927501,222.928571428571,218.246907879384,"32","32"
"SH21804","primers.trimmed.1392.107.SH21804.COI.32.100_F_filt","primers-trimmed-1392-107-SH21804-COI-32-100_F_filt.fastq.gz","primers.trimmed.1392.107.SH21804.18S.32.100","primers-trimmed-1392-107-SH21804-18S-32-100","SH21804-COI-32-100","32_EFGshal_100","efgb_arms_32_100","EFGB_32_100","EFGB_shallow","EFGB","EFGB_shallow","EFGB_shallow","na","na",55,22.5535989,14,1.333492378,2.428571429,27.899992,-93.609618,"shallow","100","primers.trimmed.1392.107.SH21804.COI.32.100_F_filt.fastq.gz","32","arms","32_EFGshal",0.158665243,0.052180641,0.348420121,0.052687432,0.001283959,0.000272775,395.8950762,105.0385937,0.011034233,0.004941442,17869,431,6.63900843694533,0.971808198342254,0.810641105827698,29.7217108812375,0.894597889556304,456.323529411765,449.780780946706,"32","32"
"SH21805","primers.trimmed.1392.108.SH21805.COI.32.500_F_filt","primers-trimmed-1392-108-SH21805-COI-32-500_F_filt.fastq.gz","primers.trimmed.1392.108.SH21805.18S.32.500","primers-trimmed-1392-108-SH21805-18S-32-500","SH21805-COI-32-500","32_EFGshal_500","efgb_arms_32_500","EFGB_32_500","EFGB_shallow","EFGB","EFGB_shallow","EFGB_shallow","na","na",55,22.5535989,14,1.333492378,2.428571429,27.899992,-93.609618,"shallow","500","primers.trimmed.1392.108.SH21805.COI.32.500_F_filt.fastq.gz","32","arms","32_EFGshal",0.158665243,0.052180641,0.348420121,0.052687432,0.001283959,0.000272775,395.8950762,105.0385937,0.011034233,0.004941442,17869,188,4.68521165739722,0.904938920657417,0.611220657256948,20.6315656289003,0.906446639877193,201.125,199.601961556087,"32","32"
"SH21730","primers.trimmed.1392.031.SH21730.COI.31.SESS_F_filt","primers-trimmed-1392-031-SH21730-COI-31-SESS_F_filt.fastq.gz","primers.trimmed.1392.031.SH21730.18S.31.SESS","primers-trimmed-1392-031-SH21730-18S-31-SESS","SH21730-COI-31-SESS","31_EFGshal_SESSILE","efgb_arms_31_sessile","EFGB_31_sessile","EFGB_shallow","EFGB","EFGB_shallow","EFGB_shallow","23.17","36.31",55,22.5535989,14,1.333492378,2.428571429,27.900075,-93.609576,"shallow","sessile","primers.trimmed.1392.031.SH21730.COI.31.SESS_F_filt.fastq.gz","31","arms","31_EFGshal",0.158665243,0.052180641,0.348420121,0.052687432,0.001283959,0.000272775,395.8950762,105.0385937,0.011034233,0.004941442,17869,302,5.68379459191525,0.956752593831001,0.719388736711014,24.3084783152389,0.917344344753774,327.833333333333,316.379531948775,"31","31"
"SH21802","primers.trimmed.1392.105.SH21802.COI.31.100_F_filt","primers-trimmed-1392-105-SH21802-COI-31-100_F_filt.fastq.gz","primers.trimmed.1392.105.SH21802.18S.31.100","primers-trimmed-1392-105-SH21802-18S-31-100","SH21802-COI-31-100","31_EFGshal_100","efgb_arms_31_100","EFGB_31_100","EFGB_shallow","EFGB","EFGB_shallow","EFGB_shallow","23.17","36.31",55,22.5535989,14,1.333492378,2.428571429,27.900075,-93.609576,"shallow","100","primers.trimmed.1392.105.SH21802.COI.31.100_F_filt.fastq.gz","31","arms","31_EFGshal",0.158665243,0.052180641,0.348420121,0.052687432,0.001283959,0.000272775,395.8950762,105.0385937,0.011034233,0.004941442,17869,424,6.98108173581967,0.982482766481391,0.902565458639135,21.6529302639943,0.898700932338272,437.636363636364,432.406411481973,"31","31"
"SH21803","primers.trimmed.1392.106.SH21803.COI.31.500_F_filt","primers-trimmed-1392-106-SH21803-COI-31-500_F_filt.fastq.gz","primers.trimmed.1392.106.SH21803.18S.31.500","primers-trimmed-1392-106-SH21803-18S-31-500","SH21803-COI-31-500","31_EFGshal_500","efgb_arms_31_500","EFGB_31_500","EFGB_shallow","EFGB","EFGB_shallow","EFGB_shallow","23.17","36.31",55,22.5535989,14,1.333492378,2.428571429,27.900075,-93.609576,"shallow","500","primers.trimmed.1392.106.SH21803.COI.31.500_F_filt.fastq.gz","31","arms","31_EFGshal",0.158665243,0.052180641,0.348420121,0.052687432,0.001283959,0.000272775,395.8950762,105.0385937,0.011034233,0.004941442,17869,177,5.08591977486031,0.942781019202119,0.639869752702194,25.1255700233142,0.91212591751642,198,191.594337258832,"31","31"
"SH21724","primers.trimmed.1392.025.SH21724.COI.25.SESS_F_filt","primers-trimmed-1392-025-SH21724-COI-25-SESS_F_filt.fastq.gz","primers.trimmed.1392.025.SH21724.18S.25.SESS","primers-trimmed-1392-025-SH21724-18S-25-SESS","SH21724-COI-25-SESS","25_BRIshal_SESSILE","bright_arms_25_sessile","Bright_25_sessile","Bright_shallow","Bright","Bright_shallow","Bright_shallow","22.6","36.29",65,21.6484004,9.3,0.416501906,4.142857143,27.89328,-93.271731,"shallow","sessile","primers.trimmed.1392.025.SH21724.COI.25.SESS_F_filt.fastq.gz","25","arms","25_BRIshal",0.17203476,0.059316113,0.352876233,0.068628463,0.001332392,0.000259265,417.8300923,127.6111537,0.0119523,0.005141303,17869,190,4.07644036058143,0.824236314004508,0.493671901845917,31.1516213703692,0.900425442139385,193.5,196.044349762636,"25","25"
"SH21725","primers.trimmed.1392.026.SH21725.COI.26.SESS_F_filt","primers-trimmed-1392-026-SH21725-COI-26-SESS_F_filt.fastq.gz","primers.trimmed.1392.026.SH21725.18S.26.SESS","primers-trimmed-1392-026-SH21725-18S-26-SESS","SH21725-COI-26-SESS","26_BRIshal_SESSILE","bright_arms_26_sessile","Bright_26_sessile","Bright_shallow","Bright","Bright_shallow","Bright_shallow","22.46","36.32",65,21.6484004,9.3,0.416501906,4.142857143,27.89328,-93.271731,"shallow","sessile","primers.trimmed.1392.026.SH21725.COI.26.SESS_F_filt.fastq.gz","26","arms","26_BRIshal",0.17203476,0.059316113,0.352876233,0.068628463,0.001332392,0.000259265,417.8300923,127.6111537,0.0119523,0.005141303,17869,282,5.15387325739678,0.877896463395571,0.666915930061562,21.5507938004849,0.894011976967214,303.565217391304,298.360112811756,"26","26"
"SH21726","primers.trimmed.1392.027.SH21726.COI.27.SESS_F_filt","primers-trimmed-1392-027-SH21726-COI-27-SESS_F_filt.fastq.gz","primers.trimmed.1392.027.SH21726.18S.27.SESS","primers-trimmed-1392-027-SH21726-18S-27-SESS","SH21726-COI-27-SESS","27_BRIshal_SESSILE","bright_arms_27_sessile","Bright_27_sessile","Bright_shallow","Bright","Bright_shallow","Bright_shallow","22.54","36.32",65,21.6484004,9.3,0.416501906,4.142857143,27.89328,-93.271731,"shallow","sessile","primers.trimmed.1392.027.SH21726.COI.27.SESS_F_filt.fastq.gz","27","arms","27_BRIshal",0.17203476,0.059316113,0.352876233,0.068628463,0.001332392,0.000259265,417.8300923,127.6111537,0.0119523,0.005141303,17869,194,4.99037447026606,0.931943344859933,0.610822555823348,29.3131650271999,0.89668253041958,201.5,201.332912090506,"27","27"
"SH21785","primers.trimmed.1392.087.SH21785.COI.25.100_F_filt","primers-trimmed-1392-087-SH21785-COI-25-100_F_filt.fastq.gz","primers.trimmed.1392.087.SH21785.18S.25.100","primers-trimmed-1392-087-SH21785-18S-25-100","SH21785-COI-25-100","25_BRIshal_100","bright_arms_25_100","Bright_25_100","Bright_shallow","Bright","Bright_shallow","Bright_shallow","22.6","36.29",65,21.6484004,9.3,0.416501906,4.142857143,27.89328,-93.271731,"shallow","100","primers.trimmed.1392.087.SH21785.COI.25.100_F_filt.fastq.gz","25","arms","25_BRIshal",0.17203476,0.059316113,0.352876233,0.068628463,0.001332392,0.000259265,417.8300923,127.6111537,0.0119523,0.005141303,17869,257,4.95142281903463,0.885189803616154,0.615512212053268,26.8618899029741,0.875268655366283,259.75,260.878217873616,"25","25"
"SH21786","primers.trimmed.1392.088.SH21786.COI.25.500_F_filt","primers-trimmed-1392-088-SH21786-COI-25-500_F_filt.fastq.gz","primers.trimmed.1392.088.SH21786.18S.25.500","primers-trimmed-1392-088-SH21786-18S-25-500","SH21786-COI-25-500","25_BRIshal_500","bright_arms_25_500","Bright_25_500","Bright_shallow","Bright","Bright_shallow","Bright_shallow","22.6","36.29",65,21.6484004,9.3,0.416501906,4.142857143,27.89328,-93.271731,"shallow","500","primers.trimmed.1392.088.SH21786.COI.25.500_F_filt.fastq.gz","25","arms","25_BRIshal",0.17203476,0.059316113,0.352876233,0.068628463,0.001332392,0.000259265,417.8300923,127.6111537,0.0119523,0.005141303,17869,136,3.93092531509787,0.829205910716998,0.486692467825217,27.4747086840305,0.901504031359594,136.375,136.855646901411,"25","25"
"SH21787","primers.trimmed.1392.089.SH21787.COI.26.100_F_filt","primers-trimmed-1392-089-SH21787-COI-26-100_F_filt.fastq.gz","primers.trimmed.1392.089.SH21787.18S.26.100","primers-trimmed-1392-089-SH21787-18S-26-100","SH21787-COI-26-100","26_BRIshal_100","bright_arms_26_100","Bright_26_100","Bright_shallow","Bright","Bright_shallow","Bright_shallow","22.46","36.32",65,21.6484004,9.3,0.416501906,4.142857143,27.89328,-93.271731,"shallow","100","primers.trimmed.1392.089.SH21787.COI.26.100_F_filt.fastq.gz","26","arms","26_BRIshal",0.17203476,0.059316113,0.352876233,0.068628463,0.001332392,0.000259265,417.8300923,127.6111537,0.0119523,0.005141303,17869,304,2.8810836717987,0.48526334672488,0.366354969071674,23.6956595341825,0.882286607981114,310.5625,311.610863677013,"26","26"
"SH21788","primers.trimmed.1392.090.SH21788.COI.26.100c_F_filt","primers-trimmed-1392-090-SH21788-COI-26-100c_F_filt.fastq.gz","primers.trimmed.1392.090.SH21788.18S.26.100c","primers-trimmed-1392-090-SH21788-18S-26-100c","SH21788-COI-26-100c","26c_BRIshal_100","bright_arms_26c_100","Bright_26c_100","Bright_shallow","Bright","Bright_shallow","Bright_shallow","22.46","36.32",65,21.6484004,9.3,0.416501906,4.142857143,27.89328,-93.271731,"shallow","100","primers.trimmed.1392.090.SH21788.COI.26.100c_F_filt.fastq.gz","26c","arms","26_BRIshal",0.17203476,0.059316113,0.352876233,0.068628463,0.001332392,0.000259265,417.8300923,127.6111537,0.0119523,0.005141303,17869,250,2.41194154104189,0.413938626424223,0.275182758363643,44.3272251630827,0.894569447481813,254,256.378868498969,"26c","26"
"SH21789","primers.trimmed.1392.091.SH21789.COI.26.500_F_filt","primers-trimmed-1392-091-SH21789-COI-26-500_F_filt.fastq.gz","primers.trimmed.1392.091.SH21789.18S.26.500","primers-trimmed-1392-091-SH21789-18S-26-500","SH21789-COI-26-500","26_BRIshal_500","bright_arms_26_500","Bright_26_500","Bright_shallow","Bright","Bright_shallow","Bright_shallow","22.46","36.32",65,21.6484004,9.3,0.416501906,4.142857143,27.89328,-93.271731,"shallow","500","primers.trimmed.1392.091.SH21789.COI.26.500_F_filt.fastq.gz","26","arms","26_BRIshal",0.17203476,0.059316113,0.352876233,0.068628463,0.001332392,0.000259265,417.8300923,127.6111537,0.0119523,0.005141303,17869,99,1.23673044452864,0.23416377117401,0.161794049210793,20.325156238372,0.924027968874104,100.666666666667,101.561636199502,"26","26"
"SH21790","primers.trimmed.1392.092.SH21790.COI.26.500b_F_filt","primers-trimmed-1392-092-SH21790-COI-26-500b_F_filt.fastq.gz","primers.trimmed.1392.092.SH21790.18S.26.500b","primers-trimmed-1392-092-SH21790-18S-26-500b","SH21790-COI-26-500b","26b_BRIshal_500","bright_arms_26b_500","Bright_26b_500","Bright_shallow","Bright","Bright_shallow","Bright_shallow","22.46","36.32",65,21.6484004,9.3,0.416501906,4.142857143,27.89328,-93.271731,"shallow","500","primers.trimmed.1392.092.SH21790.COI.26.500b_F_filt.fastq.gz","26b","arms","26_BRIshal",0.17203476,0.059316113,0.352876233,0.068628463,0.001332392,0.000259265,417.8300923,127.6111537,0.0119523,0.005141303,17869,88,0.875379992198352,0.166153251162153,0.104043107156972,34.7263975931984,0.925387639010127,92,91.4866530810986,"26b","26"
"SH21791","primers.trimmed.1392.093.SH21791.COI.27.100_F_filt","primers-trimmed-1392-093-SH21791-COI-27-100_F_filt.fastq.gz","primers.trimmed.1392.093.SH21791.18S.27.100","primers-trimmed-1392-093-SH21791-18S-27-100","SH21791-COIS-27-100","27_BRIshal_100","bright_arms_27_100","Bright_27_100","Bright_shallow","Bright","Bright_shallow","Bright_shallow","22.54","36.32",65,21.6484004,9.3,0.416501906,4.142857143,27.89328,-93.271731,"shallow","100","primers.trimmed.1392.093.SH21791.COI.27.100_F_filt.fastq.gz","27","arms","27_BRIshal",0.17203476,0.059316113,0.352876233,0.068628463,0.001332392,0.000259265,417.8300923,127.6111537,0.0119523,0.005141303,17869,363,5.93562835109686,0.919419870195837,0.788938588631978,18.6909728222215,0.867641646544212,378,377.637587098789,"27","27"
"SH21792","primers.trimmed.1392.094.SH21792.COI.27.500_F_filt","primers-trimmed-1392-094-SH21792-COI-27-500_F_filt.fastq.gz","primers.trimmed.1392.094.SH21792.18S.27.500","primers-trimmed-1392-094-SH21792-18S-27-500","SH21792-COI-27-500","27_BRIshal_500","bright_arms_27_500","Bright_27_500","Bright_shallow","Bright","Bright_shallow","Bright_shallow","22.54","36.32",65,21.6484004,9.3,0.416501906,4.142857143,27.89328,-93.271731,"shallow","500","primers.trimmed.1392.094.SH21792.COI.27.500_F_filt.fastq.gz","27","arms","27_BRIshal",0.17203476,0.059316113,0.352876233,0.068628463,0.001332392,0.000259265,417.8300923,127.6111537,0.0119523,0.005141303,17869,172,3.98669804937596,0.763177901504718,0.464585113856138,39.0161290605935,0.878494007895524,179.583333333333,177.878613511103,"27","27"
"SH21718","primers.trimmed.1392.019.SH21718.COI.19.SESS_F_filt","primers-trimmed-1392-019-SH21718-COI-19-SESS_F_filt.fastq.gz","primers.trimmed.1392.019.SH21718.18S.19.SESS","primers-trimmed-1392-019-SH21718-18S-19-SESS","SH21718-COI-19-SESS","19_BRIcoral_SESSILE","bright_arms_19_sessile","Bright_19_sessile","Bright_coral","Bright","Bright_coral","Bright_deep1","20.76","36.32",83,20.60550411,5.8,-0.360435109,7.428571429,27.900727,-93.270305,"coral","sessile","primers.trimmed.1392.019.SH21718.COI.19.SESS_F_filt.fastq.gz","19","arms","19_BRIcoral",0.17203476,0.059316113,0.353783152,0.077779936,0.001332392,0.000259265,417.8300923,127.6111537,0.0119523,0.005141303,17869,237,3.24083645946659,0.675218515725974,0.414082461091144,23.082840753126,0.863258708001603,252.75,250.581074296541,"19","19"
"SH21719","primers.trimmed.1392.020.SH21719.COI.20.SESS_F_filt","primers-trimmed-1392-020-SH21719-COI-20-SESS_F_filt.fastq.gz","primers.trimmed.1392.020.SH21719.18S.20.SESS","primers-trimmed-1392-020-SH21719-18S-20-SESS","SH21719-COI-20-SESS","20_BRIcoral_SESSILE","bright_arms_20_sessile","Bright_20_sessile","Bright_coral","Bright","Bright_coral","Bright_deep1","20.79","36.25",83,20.60550411,5.8,-0.360435109,7.428571429,27.900727,-93.270305,"coral","sessile","primers.trimmed.1392.020.SH21719.COI.20.SESS_F_filt.fastq.gz","20","arms","20_BRIcoral",0.17203476,0.059316113,0.353783152,0.077779936,0.001332392,0.000259265,417.8300923,127.6111537,0.0119523,0.005141303,17869,126,1.83614605357079,0.50362770212414,0.216224425074476,36.6669903998772,0.887418858614892,133.5,132.503854315585,"20","20"
"SH21720","primers.trimmed.1392.021.SH21720.COI.21.SESS_F_filt","primers-trimmed-1392-021-SH21720-COI-21-SESS_F_filt.fastq.gz","primers.trimmed.1392.021.SH21720.18S.21.SESS","primers-trimmed-1392-021-SH21720-18S-21-SESS","SH21720-COI-21-SESS","21_BRIcoral_SESSILE","bright_arms_21_sessile","Bright_21_sessile","Bright_coral","Bright","Bright_coral","Bright_deep1","20.94","36.32",83,20.60550411,5.8,-0.360435109,7.428571429,27.900727,-93.270305,"coral","sessile","primers.trimmed.1392.021.SH21720.COI.21.SESS_F_filt.fastq.gz","21","arms","21_BRIcoral",0.17203476,0.059316113,0.353783152,0.077779936,0.001332392,0.000259265,417.8300923,127.6111537,0.0119523,0.005141303,17869,237,3.61071864211653,0.734216309348152,0.465205798941734,22.061476118032,0.856385884645553,252.47619047619,248.633010243347,"21","21"
"SH21772","primers.trimmed.1392.074.SH21772.COI.19.100_F_filt","primers-trimmed-1392-074-SH21772-COI-19-100_F_filt.fastq.gz","primers.trimmed.1392.074.SH21772.18S.19.100","primers-trimmed-1392-074-SH21772-18S-19-100","SH21772-COI-19-100","19_BRIcoral_100","bright_arms_19_100","Bright_19_100","Bright_coral","Bright","Bright_coral","Bright_deep1","20.76","36.32",83,20.60550411,5.8,-0.360435109,7.428571429,27.900727,-93.270305,"coral","100","primers.trimmed.1392.074.SH21772.COI.19.100_F_filt.fastq.gz","19","arms","19_BRIcoral",0.17203476,0.059316113,0.353783152,0.077779936,0.001332392,0.000259265,417.8300923,127.6111537,0.0119523,0.005141303,17869,428,6.64598187896431,0.974925531197802,0.767276857470386,41.2631312578005,0.84897834541775,459.935483870968,449.114773889896,"19","19"
"SH21773","primers.trimmed.1392.075.SH21773.COI.19.500_F_filt","primers-trimmed-1392-075-SH21773-COI-19-500_F_filt.fastq.gz","primers.trimmed.1392.075.SH21773.18S.19.500","primers-trimmed-1392-075-SH21773-18S-19-500","SH21773-COI-19-500","19_BRIcoral_500","bright_arms_19_500","Bright_19_500","Bright_coral","Bright","Bright_coral","Bright_deep1","20.76","36.32",83,20.60550411,5.8,-0.360435109,7.428571429,27.900727,-93.270305,"coral","500","primers.trimmed.1392.075.SH21773.COI.19.500_F_filt.fastq.gz","19","arms","19_BRIcoral",0.17203476,0.059316113,0.353783152,0.077779936,0.001332392,0.000259265,417.8300923,127.6111537,0.0119523,0.005141303,17869,187,5.57287027025853,0.961178127379249,0.73472614659976,19.5080645302968,0.86773197839197,200.333333333333,195.207841745124,"19","19"
"SH21774","primers.trimmed.1392.076.SH21774.COI.20.100_F_filt","primers-trimmed-1392-076-SH21774-COI-20-100_F_filt.fastq.gz","primers.trimmed.1392.076.SH21774.18S.20.100","primers-trimmed-1392-076-SH21774-18S-20-100","SH21774-COI-20-100","20_BRIcoral_100","bright_arms_20_100","Bright_20_100","Bright_coral","Bright","Bright_coral","Bright_deep1","20.79","36.25",83,20.60550411,5.8,-0.360435109,7.428571429,27.900727,-93.270305,"coral","100","primers.trimmed.1392.076.SH21774.COI.20.100_F_filt.fastq.gz","20","arms","20_BRIcoral",0.17203476,0.059316113,0.353783152,0.077779936,0.001332392,0.000259265,417.8300923,127.6111537,0.0119523,0.005141303,17869,370,5.48054169259413,0.900694332270217,0.63092630633516,41.9780865023664,0.855342809189048,382.717948717949,385.197882433553,"20","20"
"SH21775","primers.trimmed.1392.077.SH21775.COI.20.100b_F_filt","primers-trimmed-1392-077-SH21775-COI-20-100b_F_filt.fastq.gz","primers.trimmed.1392.077.SH21775.18S.20.100b","primers-trimmed-1392-077-SH21775-18S-20-100b","SH21775-COI-20-100b","20b_BRIcoral_100","bright_arms_20b_100","Bright_20b_100","Bright_coral","Bright","Bright_coral","Bright_deep1","20.79","36.25",83,20.60550411,5.8,-0.360435109,7.428571429,27.900727,-93.270305,"coral","100","primers.trimmed.1392.077.SH21775.COI.20.100b_F_filt.fastq.gz","20b","arms","20_BRIcoral",0.17203476,0.059316113,0.353783152,0.077779936,0.001332392,0.000259265,417.8300923,127.6111537,0.0119523,0.005141303,17869,373,5.76571217031829,0.913242103745435,0.751484949456248,20.7337020924097,0.8573883594197,380.307692307692,379.712292208878,"20b","20"
"SH21776","primers.trimmed.1392.078.SH21776.COI.20.500_F_filt","primers-trimmed-1392-078-SH21776-COI-20-500_F_filt.fastq.gz","primers.trimmed.1392.078.SH21776.18S.20.500","primers-trimmed-1392-078-SH21776-18S-20-500","SH21776-COI-20-500","20_BRIcoral_500","bright_arms_20_500","Bright_20_500","Bright_coral","Bright","Bright_coral","Bright_deep1","20.79","36.25",83,20.60550411,5.8,-0.360435109,7.428571429,27.900727,-93.270305,"coral","500","primers.trimmed.1392.078.SH21776.COI.20.500_F_filt.fastq.gz","20","arms","20_BRIcoral",0.17203476,0.059316113,0.353783152,0.077779936,0.001332392,0.000259265,417.8300923,127.6111537,0.0119523,0.005141303,17869,191,5.38804655701843,0.951246024438978,0.633307077201923,37.0755362539148,0.879553236846696,197.5,196.703536623055,"20","20"
"SH21777","primers.trimmed.1392.079.SH21777.COI.21.100_F_filt","primers-trimmed-1392-079-SH21777-COI-21-100_F_filt.fastq.gz","primers.trimmed.1392.079.SH21777.18S.21.100","primers-trimmed-1392-079-SH21777-18S-21-100","SH21777-COI-21-100","21_BRIcoral_100","bright_arms_21_100","Bright_21_100","Bright_coral","Bright","Bright_coral","Bright_deep1","20.94","36.32",83,20.60550411,5.8,-0.360435109,7.428571429,27.900727,-93.270305,"coral","100","primers.trimmed.1392.079.SH21777.COI.21.100_F_filt.fastq.gz","21","arms","21_BRIcoral",0.17203476,0.059316113,0.353783152,0.077779936,0.001332392,0.000259265,417.8300923,127.6111537,0.0119523,0.005141303,17869,418,6.27738739297585,0.953444237554777,0.826792613005628,19.6102009938062,0.849376821881279,426.903225806452,426.555710343018,"21","21"
"SH21778","primers.trimmed.1392.080.SH21778.COI.21.500_F_filt","primers-trimmed-1392-080-SH21778-COI-21-500_F_filt.fastq.gz","primers.trimmed.1392.080.SH21778.18S.21.500","primers-trimmed-1392-080-SH21778-18S-21-500","SH21778-COI-21-500","21_BRIcoral_500","bright_arms_21_500","Bright_21_500","Bright_coral","Bright","Bright_coral","Bright_deep1","20.94","36.32",83,20.60550411,5.8,-0.360435109,7.428571429,27.900727,-93.270305,"coral","500","primers.trimmed.1392.080.SH21778.COI.21.500_F_filt.fastq.gz","21","arms","21_BRIcoral",0.17203476,0.059316113,0.353783152,0.077779936,0.001332392,0.000259265,417.8300923,127.6111537,0.0119523,0.005141303,17869,139,3.80549006074759,0.78672295839225,0.43844677528144,41.7738135753475,0.890934538643316,146.857142857143,143.53930616883,"21","21"
"SH21721","primers.trimmed.1392.022.SH21721.COI.22.SESS_F_filt","primers-trimmed-1392-022-SH21721-COI-22-SESS_F_filt.fastq.gz","primers.trimmed.1392.022.SH21721.18S.22.SESS","primers-trimmed-1392-022-SH21721-18S-22-SESS","SH21721-COI-22-SESS","22_BRIback_SESSILE","bright_arms_22_sessile","Bright_22_sessile","Bright_background","Bright","Bright_background","Bright_deep2","21.11","36.29",83,20.7366144,7,-0.066943023,6.857142857,27.900607,-93.270223,"background","sessile","primers.trimmed.1392.022.SH21721.COI.22.SESS_F_filt.fastq.gz","22","arms","22_BRIback",0.17203476,0.059316113,0.353783152,0.077779936,0.001332392,0.000259265,417.8300923,127.6111537,0.0119523,0.005141303,17869,285,5.08388353129382,0.910911908647899,0.675728273520885,18.6909728222215,0.854555508400738,298.5,297.17230681365,"22","22"
"SH21722","primers.trimmed.1392.023.SH21722.COI.23.SESS_F_filt","primers-trimmed-1392-023-SH21722-COI-23-SESS_F_filt.fastq.gz","primers.trimmed.1392.023.SH21722.18S.23.SESS","primers-trimmed-1392-023-SH21722-18S-23-SESS","SH21722-COI-23-SESS","23_BRIback_SESSILE","bright_arms_23_sessile","Bright_23_sessile","Bright_background","Bright","Bright_background","Bright_deep2","20.92","36.3",83,20.7366144,7,-0.066943023,6.857142857,27.900607,-93.270223,"background","sessile","primers.trimmed.1392.023.SH21722.COI.23.SESS_F_filt.fastq.gz","23","arms","23_BRIback",0.17203476,0.059316113,0.353783152,0.077779936,0.001332392,0.000259265,417.8300923,127.6111537,0.0119523,0.005141303,17869,206,4.03571570714236,0.841635480304439,0.484426356208668,32.7858047865197,0.857972599869457,219.125,215.202594878586,"23","23"
"SH21723","primers.trimmed.1392.024.SH21723.COI.24.SESS_F_filt","primers-trimmed-1392-024-SH21723-COI-24-SESS_F_filt.fastq.gz","primers.trimmed.1392.024.SH21723.18S.24.SESS","primers-trimmed-1392-024-SH21723-18S-24-SESS","SH21723-COI-24-SESS","24_BRIback_SESSILE","bright_arms_24_sessile","Bright_24_sessile","Bright_background","Bright","Bright_background","Bright_deep2","21.07","36.29",83,20.7366144,7,-0.066943023,6.857142857,27.900607,-93.270223,"background","sessile","primers.trimmed.1392.024.SH21723.COI.24.SESS_F_filt.fastq.gz","24","arms","24_BRIback",0.17203476,0.059316113,0.353783152,0.077779936,0.001332392,0.000259265,417.8300923,127.6111537,0.0119523,0.005141303,17869,346,5.04156119347543,0.868288048598733,0.666004935143938,19.303791603278,0.851750131068529,356.553191489362,361.962793376758,"24","24"
"SH21779","primers.trimmed.1392.081.SH21779.COI.22.100_F_filt","primers-trimmed-1392-081-SH21779-COI-22-100_F_filt.fastq.gz","primers.trimmed.1392.081.SH21779.18S.22.100","primers-trimmed-1392-081-SH21779-18S-22-100","SH21779-COI-22-100","22_BRIback_100","bright_arms_22_100","Bright_22_100","Bright_background","Bright","Bright_background","Bright_deep2","21.11","36.29",83,20.7366144,7,-0.066943023,6.857142857,27.900607,-93.270223,"background","100","primers.trimmed.1392.081.SH21779.COI.22.100_F_filt.fastq.gz","22","arms","22_BRIback",0.17203476,0.059316113,0.353783152,0.077779936,0.001332392,0.000259265,417.8300923,127.6111537,0.0119523,0.005141303,17869,454,6.72749252158816,0.972145159221642,0.784671024415582,38.8118561335747,0.847256398174871,473.212765957447,476.364913476657,"22","22"
"SH21780","primers.trimmed.1392.082.SH21780.COI.22.500_F_filt","primers-trimmed-1392-082-SH21780-COI-22-500_F_filt.fastq.gz","primers.trimmed.1392.082.SH21780.18S.22.500","primers-trimmed-1392-082-SH21780-18S-22-500","SH21780-COI-22-500","22_BRIback_500","bright_arms_22_500","Bright_22_500","Bright_background","Bright","Bright_background","Bright_deep2","21.11","36.29",83,20.7366144,7,-0.066943023,6.857142857,27.900607,-93.270223,"background","500","primers.trimmed.1392.082.SH21780.COI.22.500_F_filt.fastq.gz","22","arms","22_BRIback",0.17203476,0.059316113,0.353783152,0.077779936,0.001332392,0.000259265,417.8300923,127.6111537,0.0119523,0.005141303,17869,172,5.6444416697888,0.963901600094714,0.737734091680025,20.4272927018814,0.86668539978754,178,177.578863517257,"22","22"
"SH21781","primers.trimmed.1392.083.SH21781.COI.23.100_F_filt","primers-trimmed-1392-083-SH21781-COI-23-100_F_filt.fastq.gz","primers.trimmed.1392.083.SH21781.18S.23.100","primers-trimmed-1392-083-SH21781-18S-23-100","SH21781-COI-23-100","23_BRIback_100","bright_arms_23_100","Bright_23_100","Bright_background","Bright","Bright_background","Bright_deep2","20.92","36.3",83,20.7366144,7,-0.066943023,6.857142857,27.900607,-93.270223,"background","100","primers.trimmed.1392.083.SH21781.COI.23.100_F_filt.fastq.gz","23","arms","23_BRIback",0.17203476,0.059316113,0.353783152,0.077779936,0.001332392,0.000259265,417.8300923,127.6111537,0.0119523,0.005141303,17869,364,4.94020240277663,0.811080890495102,0.573461264763471,39.9353572321782,0.843989487431257,370.129032258065,371.138540279954,"23","23"
"SH21782","primers.trimmed.1392.084.SH21782.COI.23.500_F_filt","primers-trimmed-1392-084-SH21782-COI-23-500_F_filt.fastq.gz","primers.trimmed.1392.084.SH21782.18S.23.500","primers-trimmed-1392-084-SH21782-18S-23-500","SH21782-COI-23-500","23_BRIback_500","bright_arms_23_500","Bright_23_500","Bright_background","Bright","Bright_background","Bright_deep2","20.92","36.3",83,20.7366144,7,-0.066943023,6.857142857,27.900607,-93.270223,"background","500","primers.trimmed.1392.084.SH21782.COI.23.500_F_filt.fastq.gz","23","arms","23_BRIback",0.17203476,0.059316113,0.353783152,0.077779936,0.001332392,0.000259265,417.8300923,127.6111537,0.0119523,0.005141303,17869,157,5.12666840292728,0.943804523153613,0.697626622638853,16.546107088524,0.873857472433895,161.5,160.349373097992,"23","23"
"SH21783","primers.trimmed.1392.085.SH21783.COI.24.100_F_filt","primers-trimmed-1392-085-SH21783-COI-24-100_F_filt.fastq.gz","primers.trimmed.1392.085.SH21783.18S.24.100","primers-trimmed-1392-085-SH21783-18S-24-100","SH21783-COI-24-100","24_BRIback_100","bright_arms_24_100","Bright_24_100","Bright_background","Bright","Bright_background","Bright_deep2","21.07","36.29",83,20.7366144,7,-0.066943023,6.857142857,27.900607,-93.270223,"background","100","primers.trimmed.1392.085.SH21783.COI.24.100_F_filt.fastq.gz","24","arms","24_BRIback",0.17203476,0.059316113,0.353783152,0.077779936,0.001332392,0.000259265,417.8300923,127.6111537,0.0119523,0.005141303,17869,417,6.55934479782625,0.969947716538369,0.759161904117744,40.6503124767441,0.853853497831392,433.578947368421,433.398769519959,"24","24"
"SH21784","primers.trimmed.1392.086.SH21784.COI.24.500_F_filt","primers-trimmed-1392-086-SH21784-COI-24-500_F_filt.fastq.gz","primers.trimmed.1392.086.SH21784.18S.24.500","primers-trimmed-1392-086-SH21784-18S-24-500","SH21784-COI-24-500","24_BRIback_500","bright_arms_24_500","Bright_24_500","Bright_background","Bright","Bright_background","Bright_deep2","21.07","36.29",83,20.7366144,7,-0.066943023,6.857142857,27.900607,-93.270223,"background","500","primers.trimmed.1392.086.SH21784.COI.24.500_F_filt.fastq.gz","24","arms","24_BRIback",0.17203476,0.059316113,0.353783152,0.077779936,0.001332392,0.000259265,417.8300923,127.6111537,0.0119523,0.005141303,17869,146,4.69793157997823,0.910074429701181,0.612880065627102,20.6315656289003,0.884410772804361,148.8,148.971747504,"24","24"
"SH21715","primers.trimmed.1392.016.SH21715.COI.16.SESS_F_filt","primers-trimmed-1392-016-SH21715-COI-16-SESS_F_filt.fastq.gz","primers.trimmed.1392.016.SH21715.18S.16.SESS","primers-trimmed-1392-016-SH21715-18S-16-SESS","SH21715-COI-16-SESS","16_MCG_SESSILE","mcgrail_arms_16_sessile","McGrail_16_sessile","McGrail_coral","McGrail","McGrail_coral","McGrail_deep","20.03","36.46",85,20.6217875,12.7,1.277605162,2,27.95717,-92.581294,"coral","sessile","primers.trimmed.1392.016.SH21715.COI.16.SESS_F_filt.fastq.gz","16","arms","16_MCG",0.235690182,0.115790559,0.349423363,0.067144235,0.001564413,0.000332542,502.7807988,211.0258176,0.016262625,0.007968339,17869,231,5.41462155467028,0.940526721103905,0.621108342624825,42.897314673951,0.856264963980124,239.052631578947,239.003584053176,"16","16"
"SH21716","primers.trimmed.1392.017.SH21716.COI.17.SESS_F_filt","primers-trimmed-1392-017-SH21716-COI-17-SESS_F_filt.fastq.gz","primers.trimmed.1392.017.SH21716.18S.17.SESS","primers-trimmed-1392-017-SH21716-18S-17-SESS","SH21716-COI-17-SESS","17b_MCG_SESSILE","mcgrail_arms_17b_sessile","McGrail_17b_sessile","McGrail_coral","McGrail","McGrail_coral","McGrail_deep","20.02","36.44",85,20.6217875,12.7,1.277605162,2,27.95717,-92.581294,"coral","sessile","primers.trimmed.1392.017.SH21716.COI.17.SESS_F_filt.fastq.gz","17b","arms","17_MCG",0.235690182,0.115790559,0.349423363,0.067144235,0.001564413,0.000332542,502.7807988,211.0258176,0.016262625,0.007968339,17869,218,4.52298694047131,0.84838758854372,0.55463983132262,29.0067556366716,0.867158701016494,231.125,227.293644495223,"17b","17"
"SH21717","primers.trimmed.1392.018.SH21717.COI.18.SESS_F_filt","primers-trimmed-1392-018-SH21717-COI-18-SESS_F_filt.fastq.gz","primers.trimmed.1392.018.SH21717.18S.18.SESS","primers-trimmed-1392-018-SH21717-18S-18-SESS","SH21717-COI-18-SESS","18_MCG_SESSILE","mcgrail_arms_18_sessile","McGrail_18_sessile","McGrail_coral","McGrail","McGrail_coral","McGrail_deep","20.39","36.4",85,20.6217875,12.7,1.277605162,2,27.95717,-92.581294,"coral","sessile","primers.trimmed.1392.018.SH21717.COI.18.SESS_F_filt.fastq.gz","18","arms","18_MCG",0.235690182,0.115790559,0.349423363,0.067144235,0.001564413,0.000332542,502.7807988,211.0258176,0.016262625,0.007968339,17869,297,6.11310411003518,0.966869030582698,0.672304782289254,55.6643726126269,0.851754386731474,307,304.467438843577,"18","18"
"SH21766","primers.trimmed.1392.068.SH21766.COI.16.100_F_filt","primers-trimmed-1392-068-SH21766-COI-16-100_F_filt.fastq.gz","primers.trimmed.1392.068.SH21766.18S.16.100","primers-trimmed-1392-068-SH21766-18S-16-100","SH21766-COI-16-100","16_MCG_100","mcgrail_arms_16_100","McGrail_16_100","McGrail_coral","McGrail","McGrail_coral","McGrail_deep","20.03","36.46",85,20.6217875,12.7,1.277605162,2,27.95717,-92.581294,"coral","100","primers.trimmed.1392.068.SH21766.COI.16.100_F_filt.fastq.gz","16","arms","16_MCG",0.235690182,0.115790559,0.349423363,0.067144235,0.001564413,0.000332542,502.7807988,211.0258176,0.016262625,0.007968339,17869,376,6.55760945099924,0.972192619117974,0.816290820207554,26.6576169759553,0.852544736644865,391.333333333333,385.502513027881,"16","16"
"SH21767","primers.trimmed.1392.069.SH21767.COI.16.500_F_filt","primers-trimmed-1392-069-SH21767-COI-16-500_F_filt.fastq.gz","primers.trimmed.1392.069.SH21767.18S.16.500","primers-trimmed-1392-069-SH21767-18S-16-500","SH21767-COI-16-500","16_MCG_500","mcgrail_arms_16_500","McGrail_16_500","McGrail_coral","McGrail","McGrail_coral","McGrail_deep","20.03","36.46",85,20.6217875,12.7,1.277605162,2,27.95717,-92.581294,"coral","500","primers.trimmed.1392.069.SH21767.COI.16.500_F_filt.fastq.gz","16","arms","16_MCG",0.235690182,0.115790559,0.349423363,0.067144235,0.001564413,0.000332542,502.7807988,211.0258176,0.016262625,0.007968339,17869,161,4.38759655709009,0.858316528326059,0.491291635981249,49.7404577290813,0.872288630285632,163.8,163.672854564566,"16","16"
"SH21768","primers.trimmed.1392.070.SH21768.COI.17.100_F_filt","primers-trimmed-1392-070-SH21768-COI-17-100_F_filt.fastq.gz","primers.trimmed.1392.070.SH21768.18S.17.100","primers-trimmed-1392-070-SH21768-18S-17-100","SH21768-COI-17-100","17_MCG_100","mcgrail_arms_17_100","McGrail_17_100","McGrail_coral","McGrail","McGrail_coral","McGrail_deep","20.02","36.44",85,20.6217875,12.7,1.277605162,2,27.95717,-92.581294,"coral","100","primers.trimmed.1392.070.SH21768.COI.17.100_F_filt.fastq.gz","17","arms","17_MCG",0.235690182,0.115790559,0.349423363,0.067144235,0.001564413,0.000332542,502.7807988,211.0258176,0.016262625,0.007968339,17869,303,5.77084693783618,0.94913404965665,0.703789943688456,29.9259838082563,0.847177521219739,311.052631578947,309.145530431434,"17","17"
"SH21769","primers.trimmed.1392.071.SH21769.COI.17.500_F_filt","primers-trimmed-1392-071-SH21769-COI-17-500_F_filt.fastq.gz","primers.trimmed.1392.071.SH21769.18S.17.500","primers-trimmed-1392-071-SH21769-18S-17-500","SH21769-COI-17-500","17_MCG_500","mcgrail_arms_17_500","McGrail_17_500","McGrail_coral","McGrail","McGrail_coral","McGrail_deep","20.02","36.44",85,20.6217875,12.7,1.277605162,2,27.95717,-92.581294,"coral","500","primers.trimmed.1392.071.SH21769.COI.17.500_F_filt.fastq.gz","17","arms","17_MCG",0.235690182,0.115790559,0.349423363,0.067144235,0.001564413,0.000332542,502.7807988,211.0258176,0.016262625,0.007968339,17869,150,5.45742311132633,0.959580958116216,0.636534603300129,38.8118561335747,0.870380015979724,150,150.236095128518,"17","17"
"SH21770","primers.trimmed.1392.072.SH21770.COI.18.100_F_filt","primers-trimmed-1392-072-SH21770-COI-18-100_F_filt.fastq.gz","primers.trimmed.1392.072.SH21770.18S.18.100","primers-trimmed-1392-072-SH21770-18S-18-100","SH21770-COI-18-100","18_MCG_100","mcgrail_arms_18_100","McGrail_18_100","McGrail_coral","McGrail","McGrail_coral","McGrail_deep","20.39","36.4",85,20.6217875,12.7,1.277605162,2,27.95717,-92.581294,"coral","100","primers.trimmed.1392.072.SH21770.COI.18.100_F_filt.fastq.gz","18","arms","18_MCG",0.235690182,0.115790559,0.349423363,0.067144235,0.001564413,0.000332542,502.7807988,211.0258176,0.016262625,0.007968339,17869,317,6.27112754745163,0.967651057178586,0.854394510104024,16.4439706250146,0.840020037868187,326.230769230769,322.264125308657,"18","18"
"SH21771","primers.trimmed.1392.073.SH21771.COI.18.500_F_filt","primers-trimmed-1392-073-SH21771-COI-18-500_F_filt.fastq.gz","primers.trimmed.1392.073.SH21771.18S.18.500","primers-trimmed-1392-073-SH21771-18S-18-500","SH21771-COI-18-500","18_MCG_500","mcgrail_arms_18_500","McGrail_18_500","McGrail_coral","McGrail","McGrail_coral","McGrail_deep","20.39","36.4",85,20.6217875,12.7,1.277605162,2,27.95717,-92.581294,"coral","500","primers.trimmed.1392.073.SH21771.COI.18.500_F_filt.fastq.gz","18","arms","18_MCG",0.235690182,0.115790559,0.349423363,0.067144235,0.001564413,0.000332542,502.7807988,211.0258176,0.016262625,0.007968339,17869,156,4.45550349226747,0.880619967429432,0.541451168126172,30.5388025893128,0.864670211922234,165.1,163.052352147675,"18","18"
"SH21706","primers.trimmed.1392.007.SH21706.COI.07.SESS_F_filt","primers-trimmed-1392-007-SH21706-COI-07-SESS_F_filt.fastq.gz","primers.trimmed.1392.007.SH21706.18S.07.SESS","primers-trimmed-1392-007-SH21706-18S-07-SESS","SH21706-COI-07-SESS","07_ALDcoral_SESSILE","alderdice_arms_07_sessile","Alderdice_07_sessile","Alderdice_coral","Alderdice","Alderdice_coral","Alderdice_deep1","20.04","36.35",82,20.74898104,2.5,-1.259244887,11.28571429,28.095,-92.00577,"coral","sessile","primers.trimmed.1392.007.SH21706.COI.07.SESS_F_filt.fastq.gz","7","arms","07_ALDcoral",0.337864695,0.197913082,0.350568751,0.048853292,0.003409053,0.002819578,607.4360417,275.2269718,0.022482118,0.010904829,17869,251,4.94402503162053,0.895168195144771,0.680359193700459,15.6268789169393,0.877778003271642,272.230769230769,260.859266863799,"7","7"
"SH21707","primers.trimmed.1392.008.SH21707.COI.08.SESS_F_filt","primers-trimmed-1392-008-SH21707-COI-08-SESS_F_filt.fastq.gz","primers.trimmed.1392.008.SH21707.18S.08.SESS","primers-trimmed-1392-008-SH21707-18S-08-SESS","SH21707-COI-08-SESS","08_ALDcoral_SESSILE","alderdice_arms_08_sessile","Alderdice_08_sessile","Alderdice_coral","Alderdice","Alderdice_coral","Alderdice_deep1","19.68","36.51",82,20.74898104,2.5,-1.259244887,11.28571429,28.095,-92.00577,"coral","sessile","primers.trimmed.1392.008.SH21707.COI.08.SESS_F_filt.fastq.gz","8","arms","08_ALDcoral",0.337864695,0.197913082,0.350568751,0.048853292,0.003409053,0.002819578,607.4360417,275.2269718,0.022482118,0.010904829,17869,221,4.97591036423005,0.926174101822323,0.59956448292484,32.0708495419539,0.880429988623069,227.5,225.695762364675,"8","8"
"SH21708","primers.trimmed.1392.009.SH21708.COI.09.SESS_F_filt","primers-trimmed-1392-009-SH21708-COI-09-SESS_F_filt.fastq.gz","primers.trimmed.1392.009.SH21708.18S.09.SESS","primers-trimmed-1392-009-SH21708-18S-09-SESS","SH21708-COI-09-SESS","09_ALDcoral_SESSILE","alderdice_arms_09_sessile","Alderdice_09_sessile","Alderdice_coral","Alderdice","Alderdice_coral","Alderdice_deep1","19.93","36.37",82,20.74898104,2.5,-1.259244887,11.28571429,28.095,-92.00577,"coral","sessile","primers.trimmed.1392.009.SH21708.COI.09.SESS_F_filt.fastq.gz","9","arms","09_ALDcoral",0.337864695,0.197913082,0.350568751,0.048853292,0.003409053,0.002819578,607.4360417,275.2269718,0.022482118,0.010904829,17869,276,5.75597898445948,0.950052968958669,0.780467553840352,16.8525164790522,0.876761603606575,294.055555555556,288.384505323402,"9","9"
"SH21748","primers.trimmed.1392.050.SH21748.COI.07.100_F_filt","primers-trimmed-1392-050-SH21748-COI-07-100_F_filt.fastq.gz","primers.trimmed.1392.050.SH21748.18S.07.100","primers-trimmed-1392-050-SH21748-18S-07-100","SH21748-COI-07-100","07_ALDcoral_100","alderdice_arms_07_100","Alderdice_07_100","Alderdice_coral","Alderdice","Alderdice_coral","Alderdice_deep1","20.04","36.35",82,20.74898104,2.5,-1.259244887,11.28571429,28.095,-92.00577,"coral","100","primers.trimmed.1392.050.SH21748.COI.07.100_F_filt.fastq.gz","7","arms","07_ALDcoral",0.337864695,0.197913082,0.350568751,0.048853292,0.003409053,0.002819578,607.4360417,275.2269718,0.022482118,0.010904829,17869,354,6.61863283173571,0.97824966568161,0.757153558096385,43.6122699185169,0.856214902287641,357.888888888889,359.185613234915,"7","7"
"SH21749","primers.trimmed.1392.051.SH21749.COI.07.500_F_filt","primers-trimmed-1392-051-SH21749-COI-07-500_F_filt.fastq.gz","primers.trimmed.1392.051.SH21749.18S.07.500","primers-trimmed-1392-051-SH21749-18S-07-500","SH21749-COI-07-500","07_ALDcoral_500","alderdice_arms_07_500","Alderdice_07_500","Alderdice_coral","Alderdice","Alderdice_coral","Alderdice_deep1","20.04","36.35",82,20.74898104,2.5,-1.259244887,11.28571429,28.095,-92.00577,"coral","500","primers.trimmed.1392.051.SH21749.COI.07.500_F_filt.fastq.gz","7","arms","07_ALDcoral",0.337864695,0.197913082,0.350568751,0.048853292,0.003409053,0.002819578,607.4360417,275.2269718,0.022482118,0.010904829,17869,190,5.10226335538496,0.938523151815286,0.672017415487523,19.6102009938062,0.877633040467137,193.214285714286,193.33826478366,"7","7"
"SH21750","primers.trimmed.1392.052.SH21750.COI.08.100_F_filt","primers-trimmed-1392-052-SH21750-COI-08-100_F_filt.fastq.gz","primers.trimmed.1392.052.SH21750.18S.08.100","primers-trimmed-1392-052-SH21750-18S-08-100","SH21750-COI-08-100","08_ALDcoral_100","alderdice_arms_08_100","Alderdice_08_100","Alderdice_coral","Alderdice","Alderdice_coral","Alderdice_deep1","19.68","36.51",82,20.74898104,2.5,-1.259244887,11.28571429,28.095,-92.00577,"coral","100","primers.trimmed.1392.052.SH21750.COI.08.100_F_filt.fastq.gz","8","arms","08_ALDcoral",0.337864695,0.197913082,0.350568751,0.048853292,0.003409053,0.002819578,607.4360417,275.2269718,0.022482118,0.010904829,17869,398,6.69364400875727,0.97415595679591,0.788243029268886,36.6669903998772,0.863054709408719,411.541666666667,407.725380072818,"8","8"
"SH21751","primers.trimmed.1392.053.SH21751.COI.08.500_F_filt","primers-trimmed-1392-053-SH21751-COI-08-500_F_filt.fastq.gz","primers.trimmed.1392.053.SH21751.18S.08.500","primers-trimmed-1392-053-SH21751-18S-08-500","SH21751-COI-08-500","08_ALDcoral_500","alderdice_arms_08_500","Alderdice_08_500","Alderdice_coral","Alderdice","Alderdice_coral","Alderdice_deep1","19.68","36.51",82,20.74898104,2.5,-1.259244887,11.28571429,28.095,-92.00577,"coral","500","primers.trimmed.1392.053.SH21751.COI.08.500_F_filt.fastq.gz","8","arms","08_ALDcoral",0.337864695,0.197913082,0.350568751,0.048853292,0.003409053,0.002819578,607.4360417,275.2269718,0.022482118,0.010904829,17869,185,5.22450060312898,0.947232045924193,0.611274729979252,38.0969008890089,0.884168587682084,191.066666666667,190.655486531682,"8","8"
"SH21752","primers.trimmed.1392.054.SH21752.COI.09.100_F_filt","primers-trimmed-1392-054-SH21752-COI-09-100_F_filt.fastq.gz","primers.trimmed.1392.054.SH21752.18S.09.100","primers-trimmed-1392-054-SH21752-18S-09-100","SH21752-COI-09-100","09_ALDcoral_100","alderdice_arms_09_100","Alderdice_09_100","Alderdice_coral","Alderdice","Alderdice_coral","Alderdice_deep1","19.93","36.37",82,20.74898104,2.5,-1.259244887,11.28571429,28.095,-92.00577,"coral","100","primers.trimmed.1392.054.SH21752.COI.09.100_F_filt.fastq.gz","9","arms","09_ALDcoral",0.337864695,0.197913082,0.350568751,0.048853292,0.003409053,0.002819578,607.4360417,275.2269718,0.022482118,0.010904829,17869,321,4.96374452451033,0.82279478463907,0.65907490551807,18.7931092857309,0.855235747536862,330.857142857143,330.22916142549,"9","9"
"SH21753","primers.trimmed.1392.055.SH21753.COI.09.500_F_filt","primers-trimmed-1392-055-SH21753-COI-09-500_F_filt.fastq.gz","primers.trimmed.1392.055.SH21753.18S.09.500","primers-trimmed-1392-055-SH21753-18S-09-500","SH21753-COI-09-500","09_ALDcoral_500","alderdice_arms_09_500","Alderdice_09_500","Alderdice_coral","Alderdice","Alderdice_coral","Alderdice_deep1","19.93","36.37",82,20.74898104,2.5,-1.259244887,11.28571429,28.095,-92.00577,"coral","500","primers.trimmed.1392.055.SH21753.COI.09.500_F_filt.fastq.gz","9","arms","09_ALDcoral",0.337864695,0.197913082,0.350568751,0.048853292,0.003409053,0.002819578,607.4360417,275.2269718,0.022482118,0.010904829,17869,189,5.62409888961414,0.964144818753102,0.64564617896413,42.6930417469322,0.871195410099507,192.928571428571,193.470526971964,"9","9"
"SH21709","primers.trimmed.1392.010.SH21709.COI.10.SESS_F_filt","primers-trimmed-1392-010-SH21709-COI-10-SESS_F_filt.fastq.gz","primers.trimmed.1392.010.SH21709.18S.10.SESS","primers-trimmed-1392-010-SH21709-18S-10-SESS","SH21709-COI-10-SESS","10_ALDback_SESSILE","alderdice_arms_10_sessile","Alderdice_10_sessile","Alderdice_background","Alderdice","Alderdice_background","Alderdice_deep2","20.16","36.48",82,20.667979,2.4,-1.268254255,11.71428571,28.09505,-92.00566,"background","sessile","primers.trimmed.1392.010.SH21709.COI.10.SESS_F_filt.fastq.gz","10","arms","10_ALDback",0.337864695,0.197913082,0.350568751,0.048853292,0.003409053,0.002819578,607.4360417,275.2269718,0.022482118,0.010904829,17869,272,5.24522441968794,0.93356425973033,0.735729582795497,14.1969684278076,0.863209099129943,286,287.822091400207,"10","10"
"SH21710","primers.trimmed.1392.011.SH21710.COI.11.SESS_F_filt","primers-trimmed-1392-011-SH21710-COI-11-SESS_F_filt.fastq.gz","primers.trimmed.1392.011.SH21710.18S.11.SESS","primers-trimmed-1392-011-SH21710-18S-11-SESS","SH21710-COI-11-SESS","11_ALDback_SESSILE","alderdice_arms_11_sessile","Alderdice_11_sessile","Alderdice_background","Alderdice","Alderdice_background","Alderdice_deep2","20.04","36.39",82,20.667979,2.4,-1.268254255,11.71428571,28.09505,-92.00566,"background","sessile","primers.trimmed.1392.011.SH21710.COI.11.SESS_F_filt.fastq.gz","11","arms","11_ALDback",0.337864695,0.197913082,0.350568751,0.048853292,0.003409053,0.002819578,607.4360417,275.2269718,0.022482118,0.010904829,17869,238,5.16733487109076,0.932627614216536,0.58692162334452,45.5528627251956,0.867408014365745,245.125,246.228596434946,"11","11"
"SH21711","primers.trimmed.1392.012.SH21711.COI.12.SESS_F_filt","primers-trimmed-1392-012-SH21711-COI-12-SESS_F_filt.fastq.gz","primers.trimmed.1392.012.SH21711.18S.12.SESS","primers-trimmed-1392-012-SH21711-18S-12-SESS","SH21711-COI-12-SESS","12_ALDback_SESSILE","alderdice_arms_12_sessile","Alderdice_12_sessile","Alderdice_background","Alderdice","Alderdice_background","Alderdice_deep2","20.07","36.45",82,20.667979,2.4,-1.268254255,11.71428571,28.09505,-92.00566,"background","sessile","primers.trimmed.1392.012.SH21711.COI.12.SESS_F_filt.fastq.gz","12","arms","12_ALDback",0.337864695,0.197913082,0.350568751,0.048853292,0.003409053,0.002819578,607.4360417,275.2269718,0.022482118,0.010904829,17869,213,5.15812736035952,0.939432938673217,0.698582602450239,16.9546529425616,0.859658607992696,221.142857142857,222.181359775569,"12","12"
"SH21754","primers.trimmed.1392.056.SH21754.COI.10.100_F_filt","primers-trimmed-1392-056-SH21754-COI-10-100_F_filt.fastq.gz","primers.trimmed.1392.056.SH21754.18S.10.100","primers-trimmed-1392-056-SH21754-18S-10-100","SH21754-COI-10-100","10_ALDback_100","alderdice_arms_10_100","Alderdice_10_100","Alderdice_background","Alderdice","Alderdice_background","Alderdice_deep2","20.16","36.48",82,20.667979,2.4,-1.268254255,11.71428571,28.09505,-92.00566,"background","100","primers.trimmed.1392.056.SH21754.COI.10.100_F_filt.fastq.gz","10","arms","10_ALDback",0.337864695,0.197913082,0.350568751,0.048853292,0.003409053,0.002819578,607.4360417,275.2269718,0.022482118,0.010904829,17869,377,6.45145542544135,0.970601926499102,0.758299382892801,37.0755362539148,0.86190042219525,387.615384615385,386.461338336581,"10","10"
"SH21755","primers.trimmed.1392.057.SH21755.COI.10.500_F_filt","primers-trimmed-1392-057-SH21755-COI-10-500_F_filt.fastq.gz","primers.trimmed.1392.057.SH21755.18S.10.500","primers-trimmed-1392-057-SH21755-18S-10-500","SH21755-COI-10-500","10_ALDback_500","alderdice_arms_10_500","Alderdice_10_500","Alderdice_background","Alderdice","Alderdice_background","Alderdice_deep2","20.16","36.48",82,20.667979,2.4,-1.268254255,11.71428571,28.09505,-92.00566,"background","500","primers.trimmed.1392.057.SH21755.COI.10.500_F_filt.fastq.gz","10","arms","10_ALDback",0.337864695,0.197913082,0.350568751,0.048853292,0.003409053,0.002819578,607.4360417,275.2269718,0.022482118,0.010904829,17869,203,5.22548222969865,0.931738134206158,0.716347348214454,15.9332883074675,0.870016934307701,208.6875,208.728963747011,"10","10"
"SH21756","primers.trimmed.1392.058.SH21756.COI.11.100_F_filt","primers-trimmed-1392-058-SH21756-COI-11-100_F_filt.fastq.gz","primers.trimmed.1392.058.SH21756.18S.11.100","primers-trimmed-1392-058-SH21756-18S-11-100","SH21756-COI-11-100","11_ALDback_100","alderdice_arms_11_100","Alderdice_11_100","Alderdice_background","Alderdice","Alderdice_background","Alderdice_deep2","20.04","36.39",82,20.667979,2.4,-1.268254255,11.71428571,28.09505,-92.00566,"background","100","primers.trimmed.1392.058.SH21756.COI.11.100_F_filt.fastq.gz","11","arms","11_ALDback",0.337864695,0.197913082,0.350568751,0.048853292,0.003409053,0.002819578,607.4360417,275.2269718,0.022482118,0.010904829,17869,382,6.65646785659148,0.976750172230035,0.766300288103475,41.9780865023664,0.874813023805439,392.058823529412,387.943856463786,"11","11"
"SH21757","primers.trimmed.1392.059.SH21757.COI.11.500_F_filt","primers-trimmed-1392-059-SH21757-COI-11-500_F_filt.fastq.gz","primers.trimmed.1392.059.SH21757.18S.11.500","primers-trimmed-1392-059-SH21757-18S-11-500","SH21757-COI-11-500","11_ALDback_500","alderdice_arms_11_500","Alderdice_11_500","Alderdice_background","Alderdice","Alderdice_background","Alderdice_deep2","20.04","36.39",82,20.667979,2.4,-1.268254255,11.71428571,28.09505,-92.00566,"background","500","primers.trimmed.1392.059.SH21757.COI.11.500_F_filt.fastq.gz","11","arms","11_ALDback",0.337864695,0.197913082,0.350568751,0.048853292,0.003409053,0.002819578,607.4360417,275.2269718,0.022482118,0.010904829,17869,167,5.39534965168336,0.958065761621205,0.746366713938603,15.2183330629017,0.880581635624828,171.125,172.35374471406,"11","11"
"SH21758","primers.trimmed.1392.060.SH21758.COI.12.100_F_filt","primers-trimmed-1392-060-SH21758-COI-12-100_F_filt.fastq.gz","primers.trimmed.1392.060.SH21758.18S.12.100","primers-trimmed-1392-060-SH21758-18S-12-100","SH21758-COI-12-100","12_ALDback_100","alderdice_arms_12_100","Alderdice_12_100","Alderdice_background","Alderdice","Alderdice_background","Alderdice_deep2","20.07","36.45",82,20.667979,2.4,-1.268254255,11.71428571,28.09505,-92.00566,"background","100","primers.trimmed.1392.060.SH21758.COI.12.100_F_filt.fastq.gz","12","arms","12_ALDback",0.337864695,0.197913082,0.350568751,0.048853292,0.003409053,0.002819578,607.4360417,275.2269718,0.022482118,0.010904829,17869,397,6.63984940287848,0.977292512882532,0.82998117535981,26.0447981948988,0.864067928567289,411.025,414.144361590066,"12","12"
"SH21759","primers.trimmed.1392.061.SH21759.COI.12.500_F_filt","primers-trimmed-1392-061-SH21759-COI-12-500_F_filt.fastq.gz","primers.trimmed.1392.061.SH21759.18S.12.500","primers-trimmed-1392-061-SH21759-18S-12-500","SH21759-COI-12-500","12_ALDback_500","alderdice_arms_12_500","Alderdice_12_500","Alderdice_background","Alderdice","Alderdice_background","Alderdice_deep2","20.07","36.45",82,20.667979,2.4,-1.268254255,11.71428571,28.09505,-92.00566,"background","500","primers.trimmed.1392.061.SH21759.COI.12.500_F_filt.fastq.gz","12","arms","12_ALDback",0.337864695,0.197913082,0.350568751,0.048853292,0.003409053,0.002819578,607.4360417,275.2269718,0.022482118,0.010904829,17869,197,5.50168157121705,0.958333439946371,0.777423333385966,13.6862861102606,0.876007029167719,202.5,200.470894265848,"12","12"
"SH21714","primers.trimmed.1392.015.SH21714.COI.15.SESS_F_filt","primers-trimmed-1392-015-SH21714-COI-15-SESS_F_filt.fastq.gz","primers.trimmed.1392.015.SH21714.18S.15.SESS","primers-trimmed-1392-015-SH21714-18S-15-SESS","SH21714-COI-15-SESS","15_ALDshal_SESSILE","alderdice_arms_15_sessile","Alderdice_15_sessile","Alderdice_shallow","Alderdice","Alderdice_shallow","Alderdice_shallow","22.74","36.31",64,22.07338829,9.4,0.643101869,3.285714286,28.07689,-91.99263,"shallow","sessile","primers.trimmed.1392.015.SH21714.COI.15.SESS_F_filt.fastq.gz","15","arms","15_ALDshal",0.336908298,0.197052189,0.351977674,0.061679745,0.003401876,0.00283786,606.3402579,271.7147134,0.022469506,0.011131206,17869,291,4.72751956810881,0.871435866780328,0.574507684021401,30.5388025893128,0.88711396417523,309,303.244895882328,"15","15"
"SH21764","primers.trimmed.1392.066.SH21764.COI.15.100_F_filt","primers-trimmed-1392-066-SH21764-COI-15-100_F_filt.fastq.gz","primers.trimmed.1392.066.SH21764.18S.15.100","primers-trimmed-1392-066-SH21764-18S-15-100","SH21764-COI-15-100","15_ALDshal_100","alderdice_arms_15_100","Alderdice_15_100","Alderdice_shallow","Alderdice","Alderdice_shallow","Alderdice_shallow","22.74","36.31",64,22.07338829,9.4,0.643101869,3.285714286,28.07689,-91.99263,"shallow","100","primers.trimmed.1392.066.SH21764.COI.15.100_F_filt.fastq.gz","15","arms","15_ALDshal",0.336908298,0.197052189,0.351977674,0.061679745,0.003401876,0.00283786,606.3402579,271.7147134,0.022469506,0.011131206,17869,492,7.32055767517941,0.986658717473314,0.924445524039496,24.6148877057671,0.878998136178714,501.45,502.404755669013,"15","15"
"SH21765","primers.trimmed.1392.067.SH21765.COI.15.500_F_filt","primers-trimmed-1392-067-SH21765-COI-15-500_F_filt.fastq.gz","primers.trimmed.1392.067.SH21765.18S.15.500","primers-trimmed-1392-067-SH21765-18S-15-500","SH21765-COI-15-500","15_ALDshal_500","alderdice_arms_15_500","Alderdice_15_500","Alderdice_shallow","Alderdice","Alderdice_shallow","Alderdice_shallow","22.74","36.31",64,22.07338829,9.4,0.643101869,3.285714286,28.07689,-91.99263,"shallow","500","primers.trimmed.1392.067.SH21765.COI.15.500_F_filt.fastq.gz","15","arms","15_ALDshal",0.336908298,0.197052189,0.351977674,0.061679745,0.003401876,0.00283786,606.3402579,271.7147134,0.022469506,0.011131206,17869,291,5.76553566418978,0.939471266125462,0.871623366717906,9.9072369604125,0.875402069304787,299.5,297.475803142001,"15","15"
"SH21713","primers.trimmed.1392.014.SH21713.COI.14.SESS_F_filt","primers-trimmed-1392-014-SH21713-COI-14-SESS_F_filt.fastq.gz","primers.trimmed.1392.014.SH21713.18S.14.SESS","primers-trimmed-1392-014-SH21713-18S-14-SESS","SH21713-COI-14-SESS","14_ALDshal_SESSILE","alderdice_arms_14_sessile","Alderdice_14_sessile","Alderdice_shallow","Alderdice","Alderdice_shallow","Alderdice_shallow","22.67","36.33",65,22.07338829,9.4,0.643101869,3.285714286,28.07679,-91.99259,"shallow","sessile","primers.trimmed.1392.014.SH21713.COI.14.SESS_F_filt.fastq.gz","14","arms","14_ALDshal",0.336908298,0.197052189,0.351977674,0.061679745,0.003401876,0.00283786,606.3402579,271.7147134,0.022469506,0.011131206,17869,307,4.3675174633629,0.766670259617377,0.679635469448591,8.68159939829961,0.880379113685172,317,317.17084279953,"14","14"
"SH21762","primers.trimmed.1392.064.SH21762.COI.14.100_F_filt","primers-trimmed-1392-064-SH21762-COI-14-100_F_filt.fastq.gz","primers.trimmed.1392.064.SH21762.18S.14.100","primers-trimmed-1392-064-SH21762-18S-14-100","SH21762-COI-14-100","14_ALDshal_100","alderdice_arms_14_100","Alderdice_14_100","Alderdice_shallow","Alderdice","Alderdice_shallow","Alderdice_shallow","22.67","36.33",65,22.07338829,9.4,0.643101869,3.285714286,28.07679,-91.99259,"shallow","100","primers.trimmed.1392.064.SH21762.COI.14.100_F_filt.fastq.gz","14","arms","14_ALDshal",0.336908298,0.197052189,0.351977674,0.061679745,0.003401876,0.00283786,606.3402579,271.7147134,0.022469506,0.011131206,17869,543,7.22901218617652,0.984179340331306,0.851287946714602,36.6669903998772,0.85343252514774,572.878048780488,566.074994798707,"14","14"
"SH21763","primers.trimmed.1392.065.SH21763.COI.14.500_F_filt","primers-trimmed-1392-065-SH21763-COI-14-500_F_filt.fastq.gz","primers.trimmed.1392.065.SH21763.18S.14.500","primers-trimmed-1392-065-SH21763-18S-14-500","SH21763-COI-14-500","14_ALDshal_500","alderdice_arms_14_500","Alderdice_14_500","Alderdice_shallow","Alderdice","Alderdice_shallow","Alderdice_shallow","22.67","36.33",65,22.07338829,9.4,0.643101869,3.285714286,28.07679,-91.99259,"shallow","500","primers.trimmed.1392.065.SH21763.COI.14.500_F_filt.fastq.gz","14","arms","14_ALDshal",0.336908298,0.197052189,0.351977674,0.061679745,0.003401876,0.00283786,606.3402579,271.7147134,0.022469506,0.011131206,17869,264,4.62416796322846,0.844282448443712,0.620592799455836,17.7717446506369,0.889788157427783,276.037037037037,276.579014774337,"14","14"
"SH21712","primers.trimmed.1392.013.SH21712.COI.13.SESS_F_filt","primers-trimmed-1392-013-SH21712-COI-13-SESS_F_filt.fastq.gz","primers.trimmed.1392.013.SH21712.18S.13.SESS","primers-trimmed-1392-013-SH21712-18S-13-SESS","SH21712-COI-13-SESS","13_ALDshal_SESSILE","alderdice_arms_13_sessile","Alderdice_13_sessile","Alderdice_shallow","Alderdice","Alderdice_shallow","Alderdice_shallow","22.67","36.31",66,22.07338829,9.4,0.643101869,3.285714286,28.07683,-91.99257,"shallow","sessile","primers.trimmed.1392.013.SH21712.COI.13.SESS_F_filt.fastq.gz","13","arms","13_ALDshal",0.336908298,0.197052189,0.351977674,0.061679745,0.003401876,0.00283786,606.3402579,271.7147134,0.022469506,0.011131206,17869,295,4.97097067047828,0.858864287060954,0.58510540195736,36.7691268633866,0.883875116272482,301.576923076923,301.953395348427,"13","13"
"SH21760","primers.trimmed.1392.062.SH21760.COI.13.100_F_filt","primers-trimmed-1392-062-SH21760-COI-13-100_F_filt.fastq.gz","primers.trimmed.1392.062.SH21760.18S.13.100","primers-trimmed-1392-062-SH21760-18S-13-100","SH21760-COI-13-100","13_ALDshal_100","alderdice_arms_13_100","Alderdice_13_100","Alderdice_shallow","Alderdice","Alderdice_shallow","Alderdice_shallow","22.67","36.31",66,22.07338829,9.4,0.643101869,3.285714286,28.07683,-91.99257,"shallow","100","primers.trimmed.1392.062.SH21760.COI.13.100_F_filt.fastq.gz","13","arms","13_ALDshal",0.336908298,0.197052189,0.351977674,0.061679745,0.003401876,0.00283786,606.3402579,271.7147134,0.022469506,0.011131206,17869,423,6.82253635220956,0.977331554394192,0.955597349953548,14.299104891317,0.871964426123667,440.55,432.217397274557,"13","13"
"SH21761","primers.trimmed.1392.063.SH21761.COI.13.500_F_filt","primers-trimmed-1392-063-SH21761-COI-13-500_F_filt.fastq.gz","primers.trimmed.1392.063.SH21761.18S.13.500","primers-trimmed-1392-063-SH21761-18S-13-500","SH21761-COI-13-500","13_ALDshal_500","alderdice_arms_13_500","Alderdice_13_500","Alderdice_shallow","Alderdice","Alderdice_shallow","Alderdice_shallow","22.67","36.31",66,22.07338829,9.4,0.643101869,3.285714286,28.07683,-91.99257,"shallow","500","primers.trimmed.1392.063.SH21761.COI.13.500_F_filt.fastq.gz","13","arms","13_ALDshal",0.336908298,0.197052189,0.351977674,0.061679745,0.003401876,0.00283786,606.3402579,271.7147134,0.022469506,0.011131206,17869,285,6.45302601199637,0.979657089314498,0.738208589248826,43.6122699185169,0.877534088223633,298.125,294.884052062701,"13","13"
"SH21703","primers.trimmed.1392.004.SH21703.COI.04.SESS_F_filt","primers-trimmed-1392-004-SH21703-COI-04-SESS_F_filt.fastq.gz","primers.trimmed.1392.004.SH21703.18S.04.SESS","primers-trimmed-1392-004-SH21703-18S-04-SESS","SH21703-COI-04-SESS","04_DIAcoral_SESSILE","diaphus_arms_04_sessile","Diaphus_04_sessile","Diaphus_coral","Diaphus","Diaphus_coral","Diaphus_deep1","21.32","35.4",81,20.9929086,6.8,-0.079022007,6.428571429,28.088209,-90.701406,"coral","sessile","primers.trimmed.1392.004.SH21703.COI.04.SESS_F_filt.fastq.gz","4","arms","04_DIAcoral",0.972071466,0.649046634,0.354330131,0.046937782,0.007821843,0.006290709,1130.930271,571.2333109,0.045245748,0.023652779,17869,327,5.88568534898383,0.952071176465281,0.66681618046493,46.2678179697615,0.848957895646105,340.8,336.610232009081,"4","4"
"SH21704","primers.trimmed.1392.005.SH21704.COI.05.SESS_F_filt","primers-trimmed-1392-005-SH21704-COI-05-SESS_F_filt.fastq.gz","primers.trimmed.1392.005.SH21704.18S.05.SESS","primers-trimmed-1392-005-SH21704-18S-05-SESS","SH21704-COI-05-SESS","05_DIAcoral_SESSILE","diaphus_arms_05_sessile","Diaphus_05_sessile","Diaphus_coral","Diaphus","Diaphus_coral","Diaphus_deep1","20","35.24",81,20.9929086,6.8,-0.079022007,6.428571429,28.088209,-90.701406,"coral","sessile","primers.trimmed.1392.005.SH21704.COI.05.SESS_F_filt.fastq.gz","5","arms","05_DIAcoral",0.972071466,0.649046634,0.354330131,0.046937782,0.007821843,0.006290709,1130.930271,571.2333109,0.045245748,0.023652779,17869,289,5.88151267860523,0.960195731953508,0.790213264669499,17.6696081871274,0.849880061556365,299.483870967742,300.554238925901,"5","5"
"SH21705","primers.trimmed.1392.006.SH21705.COI.06.SESS_F_filt","primers-trimmed-1392-006-SH21705-COI-06-SESS_F_filt.fastq.gz","primers.trimmed.1392.006.SH21705.18S.06.SESS","primers-trimmed-1392-006-SH21705-18S-06-SESS","SH21705-COI-06-SESS","06_DIAcoral_SESSILE","diaphus_arms_06_sessile","Diaphus_06_sessile","Diaphus_coral","Diaphus","Diaphus_coral","Diaphus_deep1","20.94","35.38",81,20.9929086,6.8,-0.079022007,6.428571429,28.088209,-90.701406,"coral","sessile","primers.trimmed.1392.006.SH21705.COI.06.SESS_F_filt.fastq.gz","6","arms","06_DIAcoral",0.972071466,0.649046634,0.354330131,0.046937782,0.007821843,0.006290709,1130.930271,571.2333109,0.045245748,0.023652779,17869,271,5.0889017284996,0.905208603359886,0.576337658744162,46.3699544332709,0.865077465058474,292.75,287.403678065029,"6","6"
"SH21742","primers.trimmed.1392.043.SH21742.COI.04.100_F_filt","primers-trimmed-1392-043-SH21742-COI-04-100_F_filt.fastq.gz","primers.trimmed.1392.043.SH21742.18S.04.100","primers-trimmed-1392-043-SH21742-18S-04-100","SH21742-COI-04-100","04_DIAcoral_100","diaphus_arms_04_100","Diaphus_04_100","Diaphus_coral","Diaphus","Diaphus_coral","Diaphus_deep1","21.32","35.4",81,20.9929086,6.8,-0.079022007,6.428571429,28.088209,-90.701406,"coral","100","primers.trimmed.1392.043.SH21742.COI.04.100_F_filt.fastq.gz","4","arms","04_DIAcoral",0.972071466,0.649046634,0.354330131,0.046937782,0.007821843,0.006290709,1130.930271,571.2333109,0.045245748,0.023652779,17869,368,6.15059855786267,0.952385506672179,0.704703782519806,43.2037240644792,0.865295243089704,380,376.987540566899,"4","4"
"SH21743","primers.trimmed.1392.044.SH21743.COI.04.500_F_filt","primers-trimmed-1392-044-SH21743-COI-04-500_F_filt.fastq.gz","primers.trimmed.1392.045.SH21743.18S.04.500","primers-trimmed-1392-045-SH21743-18S-04-500","SH21743-COI-04-500","04_DIAcoral_500","diaphus_arms_04_500","Diaphus_04_500","Diaphus_coral","Diaphus","Diaphus_coral","Diaphus_deep1","21.32","35.4",81,20.9929086,6.8,-0.079022007,6.428571429,28.088209,-90.701406,"coral","500","primers.trimmed.1392.044.SH21743.COI.04.500_F_filt.fastq.gz","4","arms","04_DIAcoral",0.972071466,0.649046634,0.354330131,0.046937782,0.007821843,0.006290709,1130.930271,571.2333109,0.045245748,0.023652779,17869,219,5.36125490754513,0.942958419120812,0.689569356233937,22.2657490450508,0.866660217750443,236.1,227.346465660978,"4","4"
"SH21744","primers.trimmed.1392.046.SH21744.COI.05.100_F_filt","primers-trimmed-1392-046-SH21744-COI-05-100_F_filt.fastq.gz","primers.trimmed.1392.046.SH21744.18S.05.100","primers-trimmed-1392-046-SH21744-18S-05-100","SH21744-COI-05-100","05_DIAcoral_100","diaphus_arms_05_100","Diaphus_05_100","Diaphus_coral","Diaphus","Diaphus_coral","Diaphus_deep1","20","35.24",81,20.9929086,6.8,-0.079022007,6.428571429,28.088209,-90.701406,"coral","100","primers.trimmed.1392.046.SH21744.COI.05.100_F_filt.fastq.gz","5","arms","05_DIAcoral",0.972071466,0.649046634,0.354330131,0.046937782,0.007821843,0.006290709,1130.930271,571.2333109,0.045245748,0.023652779,17869,411,7.062256591065,0.985228951297174,0.92391280208964,20.325156238372,0.856226279609761,416.1,416.839034385669,"5","5"
"SH21745","primers.trimmed.1392.047.SH21745.COI.05.500_F_filt","primers-trimmed-1392-047-SH21745-COI-05-500_F_filt.fastq.gz","primers.trimmed.1392.047.SH21745.18S.05.500","primers-trimmed-1392-047-SH21745-18S-05-500","SH21745-COI-05-500","05_DIAcoral_500","diaphus_arms_05_500","Diaphus_05_500","Diaphus_coral","Diaphus","Diaphus_coral","Diaphus_deep1","20","35.24",81,20.9929086,6.8,-0.079022007,6.428571429,28.088209,-90.701406,"coral","500","primers.trimmed.1392.047.SH21745.COI.05.500_F_filt.fastq.gz","5","arms","05_DIAcoral",0.972071466,0.649046634,0.354330131,0.046937782,0.007821843,0.006290709,1130.930271,571.2333109,0.045245748,0.023652779,17869,193,5.47133306846185,0.955472391783756,0.623998408997982,44.4293616265921,0.862237141785373,196.882352941176,198.28358668256,"5","5"
"SH21746","primers.trimmed.1392.048.SH21746.COI.06.100_F_filt","primers-trimmed-1392-048-SH21746-COI-06-100_F_filt.fastq.gz","primers.trimmed.1392.048.SH21746.18S.06.100","primers-trimmed-1392-048-SH21746-18S-06-100","SH21746-COI-06-100","06_DIAcoral_100","diaphus_arms_06_100","Diaphus_06_100","Diaphus_coral","Diaphus","Diaphus_coral","Diaphus_deep1","20.94","35.38",81,20.9929086,6.8,-0.079022007,6.428571429,28.088209,-90.701406,"coral","100","primers.trimmed.1392.048.SH21746.COI.06.100_F_filt.fastq.gz","6","arms","06_DIAcoral",0.972071466,0.649046634,0.354330131,0.046937782,0.007821843,0.006290709,1130.930271,571.2333109,0.045245748,0.023652779,17869,412,6.78370711482188,0.975584257271147,0.909413405958823,17.8738811141463,0.850291910258467,426,424.501990130177,"6","6"
"SH21747","primers.trimmed.1392.049.SH21747.COI.06.500_F_filt","primers-trimmed-1392-049-SH21747-COI-06-500_F_filt.fastq.gz","primers.trimmed.1392.049.SH21747.18S.06.500","primers-trimmed-1392-049-SH21747-18S-06-500","SH21747-COI-06-500","06_DIAcoral_500","diaphus_arms_06_500","Diaphus_06_500","Diaphus_coral","Diaphus","Diaphus_coral","Diaphus_deep1","20.94","35.38",81,20.9929086,6.8,-0.079022007,6.428571429,28.088209,-90.701406,"coral","500","primers.trimmed.1392.049.SH21747.COI.06.500_F_filt.fastq.gz","6","arms","06_DIAcoral",0.972071466,0.649046634,0.354330131,0.046937782,0.007821843,0.006290709,1130.930271,571.2333109,0.045245748,0.023652779,17869,199,4.9268367052621,0.890636529818318,0.564052718347232,43.4079969914981,0.862854466668436,202.4375,203.346291321699,"6","6"
"SH21700","primers.trimmed.1392.001.SH21700.COI.01.SESS_F_filt","primers-trimmed-1392-001-SH21700-COI-01-SESS_F_filt.fastq.gz","primers.trimmed.1392.001.SH21700.18S.01.SESS","primers-trimmed-1392-001-SH21700-18S-01-SESS","SH21700-COI-01-SESS","01_DIAback_SESSILE","diaphus_arms_01_sessile","Diaphus_01_sessile","Diaphus_background","Diaphus","Diaphus_background","Diaphus_deep2","20.73","35.5",82,20.9721062,7.3,0.059390634,5.285714286,28.088295,-90.701405,"background","sessile","primers.trimmed.1392.001.SH21700.COI.01.SESS_F_filt.fastq.gz","1","arms","01_DIAback",0.972071466,0.649046634,0.354330131,0.046937782,0.007821843,0.006290709,1130.930271,571.2333109,0.045245748,0.023652779,17869,297,6.10234616655854,0.967859694064814,0.806137723398931,19.303791603278,0.861839730079087,308.5,307.89835794957,"1","1"
"SH21701","primers.trimmed.1392.002.SH21701.COI.02.SESS_F_filt","primers-trimmed-1392-002-SH21701-COI-02-SESS_F_filt.fastq.gz","primers.trimmed.1392.002.SH21701.18S.02.SESS","primers-trimmed-1392-002-SH21701-18S-02-SESS","SH21701-COI-02-SESS","02_DIAback_SESSILE","diaphus_arms_02_sessile","Diaphus_02_sessile","Diaphus_background","Diaphus","Diaphus_background","Diaphus_deep2","20.72","35.5",82,20.9721062,7.3,0.059390634,5.285714286,28.088295,-90.701405,"background","sessile","primers.trimmed.1392.002.SH21701.COI.02.SESS_F_filt.fastq.gz","2","arms","02_DIAback",0.972071466,0.649046634,0.354330131,0.046937782,0.007821843,0.006290709,1130.930271,571.2333109,0.045245748,0.023652779,17869,330,6.05143320325688,0.958817465746703,0.711946226278402,36.871263326896,0.849954305224163,344.772727272727,341.114582086218,"2","2"
"SH21702","primers.trimmed.1392.003.SH21702.COI.03.SESS_F_filt","primers-trimmed-1392-003-SH21702-COI-03-SESS_F_filt.fastq.gz","primers.trimmed.1392.003.SH21702.18S.03.SESS","primers-trimmed-1392-003-SH21702-18S-03-SESS","SH21702-COI-03-SESS","03_DIAback_SESSILE","diaphus_arms_03_sessile","Diaphus_03_sessile","Diaphus_background","Diaphus","Diaphus_background","Diaphus_deep2","20.72","35.49",82,20.9721062,7.3,0.059390634,5.285714286,28.088295,-90.701405,"background","sessile","primers.trimmed.1392.003.SH21702.COI.03.SESS_F_filt.fastq.gz","3","arms","03_DIAback",0.972071466,0.649046634,0.354330131,0.046937782,0.007821843,0.006290709,1130.930271,571.2333109,0.045245748,0.023652779,17869,305,5.17164469141249,0.909214545574421,0.69406766414121,17.7717446506369,0.855805164686327,326,316.294166435464,"3","3"
"SH21736","primers.trimmed.1392.037.SH21736.COI.01.100_F_filt","primers-trimmed-1392-037-SH21736-COI-01-100_F_filt.fastq.gz","primers.trimmed.1392.037.SH21736.18S.01.100","primers-trimmed-1392-037-SH21736-18S-01-100","SH21736-COI-01-100","01_DIAback_100","diaphus_arms_01_100","Diaphus_01_100","Diaphus_background","Diaphus","Diaphus_background","Diaphus_deep2","20.73","35.5",82,20.9721062,7.3,0.059390634,5.285714286,28.088295,-90.701405,"background","100","primers.trimmed.1392.037.SH21736.COI.01.100_F_filt.fastq.gz","1","arms","01_DIAback",0.972071466,0.649046634,0.354330131,0.046937782,0.007821843,0.006290709,1130.930271,571.2333109,0.045245748,0.023652779,17869,434,7.07643991762762,0.983044825195609,0.860967858246289,30.3345296622939,0.847630971809639,451.5,449.142564342868,"1","1"
"SH21737","primers.trimmed.1392.038.SH21737.COI.01.500_F_filt","primers-trimmed-1392-038-SH21737-COI-01-500_F_filt.fastq.gz","primers.trimmed.1392.038.SH21737.18S.01.500","primers-trimmed-1392-038-SH21737-18S-01-500","SH21737-COI-01-500","01_DIAback_500","diaphus_arms_01_500","Diaphus_01_500","Diaphus_background","Diaphus","Diaphus_background","Diaphus_deep2","20.73","35.5",82,20.9721062,7.3,0.059390634,5.285714286,28.088295,-90.701405,"background","500","primers.trimmed.1392.038.SH21737.COI.01.500_F_filt.fastq.gz","1","arms","01_DIAback",0.972071466,0.649046634,0.354330131,0.046937782,0.007821843,0.006290709,1130.930271,571.2333109,0.045245748,0.023652779,17869,199,5.28561854846321,0.927535731697512,0.718393637604683,16.6482435520334,0.865201073963172,202,201.907490401771,"1","1"
"SH21738","primers.trimmed.1392.039.SH21738.COI.02.100_F_filt","primers-trimmed-1392-039-SH21738-COI-02-100_F_filt.fastq.gz","primers.trimmed.1392.039.SH21738.18S.02.100","primers-trimmed-1392-039-SH21738-18S-02-100","SH21738-COI-02-100","02_DIAback_100","diaphus_arms_02_100","Diaphus_02_100","Diaphus_background","Diaphus","Diaphus_background","Diaphus_deep2","20.72","35.5",82,20.9721062,7.3,0.059390634,5.285714286,28.088295,-90.701405,"background","100","primers.trimmed.1392.039.SH21738.COI.02.100_F_filt.fastq.gz","2","arms","02_DIAback",0.972071466,0.649046634,0.354330131,0.046937782,0.007821843,0.006290709,1130.930271,571.2333109,0.045245748,0.023652779,17869,341,5.56043834687551,0.907070344163265,0.646569151212628,39.5268113781406,0.865079957049979,348.5,349.392621670585,"2","2"
"SH21739","primers.trimmed.1392.040.SH21739.COI.02.500_F_filt","primers-trimmed-1392-040-SH21739-COI-02-500_F_filt.fastq.gz","primers.trimmed.1392.040.SH21739.18S.02.500","primers-trimmed-1392-040-SH21739-18S-02-500","SH21739-COI-02-500","02_DIAback_500","diaphus_arms_02_500","Diaphus_02_500","Diaphus_background","Diaphus","Diaphus_background","Diaphus_deep2","20.72","35.5",82,20.9721062,7.3,0.059390634,5.285714286,28.088295,-90.701405,"background","500","primers.trimmed.1392.040.SH21739.COI.02.500_F_filt.fastq.gz","2","arms","02_DIAback",0.972071466,0.649046634,0.354330131,0.046937782,0.007821843,0.006290709,1130.930271,571.2333109,0.045245748,0.023652779,17869,184,4.47461468501459,0.844311887735353,0.584289777723237,20.5294291653908,0.877983975710906,191.8,189.163698078875,"2","2"
"SH21740","primers.trimmed.1392.041.SH21740.COI.03.100_F_filt","primers-trimmed-1392-041-SH21740-COI-03-100_F_filt.fastq.gz","primers.trimmed.1392.041.SH21740.18S.03.100","primers-trimmed-1392-041-SH21740-18S-03-100","SH21740-COI-03-100","03_DIAback_100","diaphus_arms_03_100","Diaphus_03_100","Diaphus_background","Diaphus","Diaphus_background","Diaphus_deep2","20.72","35.49",82,20.9721062,7.3,0.059390634,5.285714286,28.088295,-90.701405,"background","100","primers.trimmed.1392.041.SH21740.COI.03.100_F_filt.fastq.gz","3","arms","03_DIAback",0.972071466,0.649046634,0.354330131,0.046937782,0.007821843,0.006290709,1130.930271,571.2333109,0.045245748,0.023652779,17869,381,6.45902015258314,0.971337539233063,0.760973360341936,36.5648539363678,0.850484356740992,392.8125,394.0318269777,"3","3"
"SH21741","primers.trimmed.1392.042.SH21741.COI.03.500_F_filt","primers-trimmed-1392-042-SH21741-COI-03-500_F_filt.fastq.gz","primers.trimmed.1392.042.SH21741.18S.03.500","primers-trimmed-1392-042-SH21741-18S-03-500","SH21741-COI-03-500","03_DIAback_500","diaphus_arms_03_500","Diaphus_03_500","Diaphus_background","Diaphus","Diaphus_background","Diaphus_deep2","20.72","35.49",82,20.9721062,7.3,0.059390634,5.285714286,28.088295,-90.701405,"background","500","primers.trimmed.1392.042.SH21741.COI.03.500_F_filt.fastq.gz","3","arms","03_DIAback",0.972071466,0.649046634,0.354330131,0.046937782,0.007821843,0.006290709,1130.930271,571.2333109,0.045245748,0.023652779,17869,222,5.61570490587493,0.954537894711883,0.744871549542221,18.8952457492403,0.85691551971792,225.9,227.41727426225,"3","3"
